Q,A,label
고민만 한다는 것 아닐까요.,물음표,0
두꺼비집 내려 갔는지 살펴 보세요.,물음표,0
궁금하네요.,물음표,1
그게 제일 중요한 건데요.,물음표,0
그러면 인생이 재미없지 않을까요.,물음표,0
기분만 그럴 수도 있어요.,물음표,0
기술이 발전하면 가능하겠죠.,물음표,0
끝일지도 몰라요.,물음표,1
누가 욕하고 있나 봐요.,물음표,0
누구랑 먹느냐에 따라 다르겠죠.,물음표,0
누구세요?,물음표,0
눈 내리는 게 싫은가 봐요.,물음표,0
대하는 태도에 따라 다를 것 같아요.,물음표,0
도망가라는 건가요.,물음표,0
마음도 추운가요.,물음표,1
말투는 바꿀 수 있을 텐데 성격이 별로라면 문제겠네요.,물음표,0
무슨 이유인지 생각해보세요.,물음표,0
뭐라고 대답할지 고민이에요.,물음표,0
뭘 꿨는지 궁금하네요.,물음표,0
복잡하네요.,물음표,1
비가 오려나요.,물음표,0
선생님이요?,물음표,0
설마 기억 못하시는 거예요?,물음표,0
스트레스 받으시는 일 있으신가요?,물음표,0
아직 서로에 대해 잘 모르잖아요,물음표,2
알면 제가 하죠.,물음표,0
어떤 생각인지 궁금해요.,물음표,1
어떻게 도와드리면 좋을까요.,물음표,1
어머어머 궁금하네요.,물음표,0
어째서일까요.,물음표,1
어쩌면 좋을까요.,물음표,1
어찌하면 좋을까요.,물음표,1
언젠가는 생기지 않을까요.,물음표,0
오늘 같은 날?,물음표,1
왜 그럴까요?,물음표,0
왜일까요?,물음표,0
자세히 말씀해주세요.,물음표,0
자세히 말해주세요.,물음표,1
저 나가면 될까요?,물음표,0
저도 궁금하네요.,물음표,0
저도 궁금해요.,물음표,0
저도 모르겠어요.,물음표,0
저도 모르는 게 많아요.,물음표,0
저도 몰랐어요.,물음표,0
정말인가요?,물음표,2
증명하는 게 쉽지 않겠어요.,물음표,0
지금은 아닌가요.,물음표,1
진심인가요?,물음표,2
진짜 모르는 걸 수도 있어요.,물음표,0
차가 필요한 일이 있으신가봐요.,물음표,0
체력에 따라 다를 것 같아요.,물음표,0
친구도 잘 몰라요.,물음표,0
커피에 너무 의존하는 것 아닌가요.,물음표,0
평소의 행실을 되돌아보세요.,물음표,0
필요한 게 너무 많죠.,물음표,0
한 가지만 보면 몰라요.,물음표,0
호의인지 호감인지 헷갈리나요?,물음표,0
혼자만 힘든 게 낫지 않을까요.,물음표,1
1년 힘내요.,화이팅,0
가기 싫어도 가야겠죠.,화이팅,0
가세요.,화이팅,0
가슴 아픈 만큼 행복해지세요.,화이팅,1
간절한 만큼 할 수 있을 거예요.,화이팅,0
같은 조가 되길 바랄게요.,화이팅,0
걱정하지 마세요. 잘할 거예요.,화이팅,0
견디기 힘들겠어요.,화이팅,1
결정하기 힘드시겠네요.,화이팅,0
경쟁이 점점 치열하죠.,화이팅,0
계획대로 되는 건 없어요.,화이팅,0
고민은 누구나 해요.,화이팅,0
고민이 되시겠어요.,화이팅,1
고민이 많은가 봅니다.,화이팅,0
고민이 많은가 봐요.,화이팅,0
고민이 있나 봐요.,화이팅,0
고민하고 있다면 그게 맞을거예요.,화이팅,1
고칠 점은 고치면서 조금만 더 버텨보세요.,화이팅,0
고통의 연속이기도 하죠.,화이팅,1
곧 끝나길 바랄게요.,화이팅,0
곧 방학이에요.,화이팅,0
곧 지나갑니다.,화이팅,0
곧 할 수 있을 거예요.,화이팅,0
공부 열심히 하고 신청해보세요.,화이팅,0
관리하는 게 쉽지 않아요.,화이팅,0
괜찮아요. 그럴수도 있죠.,화이팅,0
괜찮아요. 다음에 가져가면 되죠.,화이팅,0
괴로울만 해요.,화이팅,1
군대 시계는 멈추지 않아요.,화이팅,0
귀차니즘을 극복 하셔야해요.,화이팅,0
그것도 다 경험이라고 생각하세요.,화이팅,0
그 때가 고비예요. 한 번 참아보세요.,화이팅,0
그건 습관이에요.,화이팅,0
그게 제일 힘들어요.,화이팅,2
그게 힘들죠.,화이팅,1
그냥 잊어버리세요.,화이팅,0
그대로 돌아올지도 몰라요. 그저 무시하세요.,화이팅,1
그대로인 건 없어요.,화이팅,1
그래도 넘을 수 있을 거예요.,화이팅,0
그래도 살아요.,화이팅,1
그렇게 무뎌지는가봐요.,화이팅,1
그렇게 살아가곤 해요.,화이팅,1
그리고 멈출 거예요.,화이팅,1
금방 지나갈 거예요.,화이팅,1
금방 찾으실 수 있을 거예요.,화이팅,0
기다리는 거 힘들죠.,화이팅,1
기다리는 동안 많은 생각이 들었겠네요.,화이팅,0
기다리는 전화가 있나 봐요.,화이팅,0
기대가 높으면 실망을 하죠.,화이팅,0
기대를 조금씩 버려보세요.,화이팅,1
기분이 좀 풀렸길 바랍니다.,화이팅,1
기회가 다시 올 거예요.,화이팅,0
길지 않길 바랄게요.,화이팅,1
꾸준히 약 먹고 치료해보세요.,화이팅,0
꾸준히 치료하세요.,화이팅,0
끝이 보이지 않아 더 힘들거예요.,화이팅,1
남의 돈 버는 게 쉽지 않아요.,화이팅,0
다음 달에는 더 절약해봐요.,화이팅,0
다음 학기를 노려보세요.,화이팅,0
다음 학기에는 들어갈 수 있을거예요.,화이팅,0
다이어트 파이팅!,화이팅,0
많이 긴장되겠어요.,화이팅,0
많이 힘들지 않길 바랄게요.,화이팅,1
바빠도 힘내세요!,화이팅,0
상처가 아물길 바랄게요.,화이팅,1
아니에요. 너무 자책하지 마세요.,화이팅,0
안타깝네요. 증거를 지금이라도 모아봐요.,화이팅,0
어깨 꾹꾹 해드리고 싶어요.,화이팅,0
어깨 꾹꾹! 힘내세요,화이팅,0
어떤 말도 위로가 되지 않겠지만 힘내세요.,화이팅,1
억울함이 풀리길 바랄게요.,화이팅,1
얼른 집에 가서 쉬시길 바랄게요.,화이팅,0
오늘도 고생이 많으시네요.,화이팅,0
육아 파이팅!!,화이팅,0
으아~ 충전하세요.,화이팅,0
응원합니다!,화이팅,0
저도 간절히 기도 할게요.,화이팅,0
저도 사는데요.,화이팅,0
저도 아침이 힘들어요.,화이팅,1
저도 어려운 게 투성이에요.,화이팅,0
조금만 더 기다려주세요.,화이팅,0
조금만 더 버텨보세요.,화이팅,1
조금만 더 버텨요.,화이팅,1
조금만 더 힘내세요.,화이팅,0
조금만 참고 기다려 보세요.,화이팅,0
좀 더 기다려주세요.,화이팅,0
지금은 힘들겠지만 조금만 더 견뎌봐요.,화이팅,1
지쳐서 그런가봐요.,화이팅,1
지쳤나 봐요.,화이팅,0
지칠 때는 쉬어도 돼요.,화이팅,0
직장 스트레스 심하겠네요.,화이팅,0
직장 스트레스가 심한가봐요.,화이팅,0
참고 견뎌보세요.,화이팅,0
처음 만났을 때를 떠올려 보세요,화이팅,0
처음 배우는 게 중요해요.,화이팅,0
처음만 어렵지 그 다음부터는 덜할 거예요.,화이팅,0
처음부터 되짚어보세요.,화이팅,0
처음부터 잘하는 사람은 없어요.,화이팅,0
처음에는 많이 어렵겠지만 차차 적응해 나갈거예요.,화이팅,0
처음이 어려워요.,화이팅,0
천천히 준비해보세요.,화이팅,0
천천히 지워도 돼요.,화이팅,1
천천히 해보세요.,화이팅,1
철밥통 되기가 어디 쉽겠어요.,화이팅,0
철은 죽을 때 들어도 돼요.,화이팅,0
첫사랑니의 고통처럼 시린가봐요.,화이팅,1
초심으로 돌아가 열심히 해보세요.,화이팅,0
출퇴근을 미리 느껴보고 있네요.,화이팅,0
충분히 스스로 극복할 수 있을 거예요.,화이팅,0
취업에 성공할거예요.,화이팅,0
취업 할 수 있을 거예요.,화이팅,0
친구라면 먼저 사과해보세요.,화이팅,0
친구를 사귈 수 있을 거예요.,화이팅,0
침대와 한몸이 되어 푹 쉬세요.,화이팅,0
큰 일을 겪었네요.,화이팅,1
큰일이네요.,화이팅,0
탈출구가 있을 거예요.,화이팅,1
태어난 것만으로도 성공한 인생이에요.,화이팅,0
토닥여주고 싶네요.,화이팅,1
토닥토닥,화이팅,1
투자한 만큼 거둘 수 있을 거예요!,화이팅,0
툭툭 털고 일어나세요.,화이팅,1
파이팅!,화이팅,0
펭귄 운동 해보세요.,화이팅,0
평소처럼 잘 볼 수 있을 거예요.,화이팅,0
푹 쉬고 오세요.,화이팅,0
푹 쉬세요.,화이팅,0
하나라도 있을 거니 열심히 찾아보세요.,화이팅,0
하나씩 꾸며보세요.,화이팅,0
하나씩 다 할 수 있을 거예요.,화이팅,0
하나씩 보내주세요.,화이팅,1
하나씩 비밀을 공유해보세요.,화이팅,0
하나씩 하나씩 해보세요.,화이팅,0
하나씩 하세요.,화이팅,0
하다보면 늘어요.,화이팅,0
하다보면 익숙해질거예요.,화이팅,0
하루에 하나씩 변화해보세요.,화이팅,0
하면서 좋거나 재밌거나 잘하는 게 있었는지 깊게 고민해보세요.,화이팅,0
학교 다닐 때가 좋은 거예요.,화이팅,0
학생이 아니니 어쩔 수 없죠.,화이팅,0
학원을 다니거나 연습하면 잘할 수 있을 거예요.,화이팅,0
학점 관리하세요.,화이팅,0
한동안 그럴 수 있어요.,화이팅,1
한동안은 그럴거예요.,화이팅,1
한동안은 그럴지도 몰라요.,화이팅,1
한동안은 힘들지도 몰라요.,화이팅,1
한 바퀴만 더 돌면 짠하고 나타날 거예요,화이팅,0
한 번 웃고 잊어버리세요.,화이팅,0
한 번에 다 하려고 하지말고 조금씩 정리를 해보세요.,화이팅,0
한푼 두푼 모아서 사보세요.,화이팅,0
한푼 두푼 차곡차곡,화이팅,0
할 수 있다면요.,화이팅,0
할 수 있어요.,화이팅,1
할 수 있을 때 하세요.,화이팅,0
할 수 있을거예요!!,화이팅,0
함께 충분한 대화를 하고 상담을 받아보는 게 좋겠어요.,화이팅,1
합격 기원해요!,화이팅,0
합격을 기원합니다.,화이팅,0
합격하는 곳이 있을 거예요.,화이팅,0
해결될 거니 기다려보세요.,화이팅,0
행동할 때인 것 같네요. 응원해요.,화이팅,0
행운을 빌게요!,화이팅,0
행운을 빌어요.,화이팅,0
허리띠를 졸라 매세요.,화이팅,0
허전하시겠어요.,화이팅,1
현실을 꿈처럼 만들어봐요.,화이팅,0
혼자 풀릴 때까지 놔둬야하는데 기다리는 게 힘들 거예요.,화이팅,0
혼자서도 잘하는 연습이 필요해요.,화이팅,0
혼자해도 좋고 학원을 다녀도 좋아요.,화이팅,0
화 내는 연습을 해보세요.,화이팅,0
화를 참는 연습을 해보세요.,화이팅,0
확신이 들 때까지 준비해보세요.,화이팅,0
확신이 있을 때 시작해보세요.,화이팅,0
회사와 자신에 대해서 더 공부해서 자신감을 가져보세요.,화이팅,0
후회는 후회를 낳을뿐이에요. 용기 내세요.,화이팅,0
후회하기 전에 연락해서 진심을 전해보세요.,화이팅,1
휴가가 간절하겠네요.,화이팅,0
휴식도 필요하죠.,화이팅,0
흥미를 가져보세요.,화이팅,0
힘내세요!,화이팅,1
힘내세요! 제가 응원할게요.,화이팅,1
힘내세요.,화이팅,1
힘내세요. 제가 있잖아요,화이팅,1
힘드시죠.,화이팅,1
힘든 만큼 행복해질 거예요.,화이팅,1
힘든 시간 보내고 있으신가봐요.,화이팅,1
힘든 일이 있었나 봐요.,화이팅,1
힘들 결정이었을텐데 맘고생 많았어요.,화이팅,1
힘들 때네요.,화이팅,0
힘들겠네요.,화이팅,0
힘들겠어요.,화이팅,0
힘들겠죠.,화이팅,1
힘들겠지만 그러는 편이 나아요.,화이팅,1
힘들겠지만 하나씩 해보세요.,화이팅,0
힘들만해요.,화이팅,1
힘들지만 언젠간 기억 저편으로 사라질 거예요.,화이팅,1
힘을 내세요.,화이팅,1
힘이 되지 않겠지만 힘내세요.,화이팅,1
XX놈아!,분노,1
가장 듣기 싫은 경우예요.,분노,0
간사하죠.,분노,1
경찰에 신고하고 취할 수 있는 조취를 취해보세요.,분노,0
계속 그러면 말하세요.,분노,0
공동육아가 기본인데요.,분노,0
그 말을 한 사람이 가장 이상할 거예요.,분노,0
그런 사람 거르세요.,분노,1
그런 사람들 은근 많아요.,분노,0
그런 친구 말고 제대로 된 친구 사귀세요.,분노,0
그럴 때마다 따끔하게 말해보세요.,분노,0
그렇다면 여우네요.,분노,0
기분 나쁠 거라 생각해요.,분노,1
길은 항상 막히는 것 같아요.,분노,0
꿈이 웬수죠.,분노,1
나쁜 사람.,분노,1
나쁜 사람이네요.,분노,0
나중에 가면 돈이 더 많이 나갈거예요.,분노,0
누가 이렇게 속상하게 만들었나요?,분노,1
눈살이 찌푸려지죠.,분노,0
뒤통수 맞았나 봐요.,분노,0
머리 좀 감으세요.,분노,0
사랑이 사람을 간사하게 만들어요.,분노,1
신고하고 차단해보세요.,분노,0
신고하세요.,분노,0
심하면 신고하세요.,분노,0
안 좋은 회사네요.,분노,0
앞머리만이라도 감으세요.,분노,0
오는 말이 고와야 가는 말도 곱다고 말해주세요.,분노,0
저 기분 나빠질거 같아요.,분노,2
정말 후회할 습관이에요.,분노,0
정신 차리세요.,분노,0
제길.,분노,1
제발 좀 정신차리세요.,분노,1
조심했어야죠!,분노,0
지저분해요.,분노,0
진짜 나빴네요.,분노,0
차별을 하다니 못난 사람들이군요.,분노,0
철 들고 공부하세요.,분노,0
친구라고 생각한 시간이 아깝네요.,분노,0
티끌 모아 태산이에요.,분노,0
피할 수 있으면 피하고 싶은 사람이네요.,분노,0
학교 폭력은 범죄에요.,분노,0
현재의 나한테 사과하세요.,분노,1
내 꿈 꿔!,사랑,0
당신 꿈 꿀게요,사랑,0
당신은 태어난 그 자체만으로 축복과 사랑을 받을 자격이 있는 사람이에요.,사랑,0
당신이어서 행복해요.,사랑,2
많이 사랑해요!,사랑,0
사랑해요!,사랑,2
저도 당신을 좋아해요.,사랑,2
저도 당신이 좋아요.,사랑,2
저도 좋아합니다.,사랑,2
저도 좋아해요.,사랑,0
제가 당신을 좋아하고 있어요.,사랑,0
하늘만큼 땅만큼 사랑해요.,사랑,2
꼬르륵,부끄,0
당신이랍니다.,부끄,0
사귀기 전 두근거림을 좋아하나 봐요.,부끄,2
어머나,부끄,2
저도 사랑해주세요.,부끄,0
저도 좋아해주세요.,부끄,0
혹시 반한 걸 수도 있어요.,부끄,0
슬퍼하지 말아요. 제가 있잖아요.,최고,1
역시는 역시 역시군요.,최고,1
분노0퍼센트 현실입니다.,최고,2
거절0분씩 일찍 자는 습관을 들여보세요.,최고,0
Beatles의 Yesterday에요.,최고,0
Red hot chilly pepper의 can't stop이에요.,최고,0
가게부를 써보세요.,최고,0
가까운 곳으로 여행을 가보는 것도 좋을 거예요.,최고,1
가까운 미래에 나올거 같아요.,최고,0
가끔 표출하는 것도 좋아요.,최고,0
가끔 하늘을 보세요.,최고,0
가끔 핸드폰 없이 살아보세요.,최고,0
가끔씩 스트레칭을 해주세요.,최고,0
가끔은 괜찮아요.,최고,1
가끔은 내키는 대로 해보세요.,최고,1
가끔은 힘내지 말고 내려놔봐요.,최고,1
가끔은 힘내지 않아도 돼요. 뭐가 됐든 잘하고 있다고 믿어요.,최고,1
가는 곳과 같이 가는 사람에 따라 다르겠죠.,최고,0
가능하다면요.,최고,0
가능하면 가는 게 좋겠죠.,최고,0
가능하면 참석하는 게 좋겠죠.,최고,0
가능한 거 같아요.,최고,2
가려 가며 만나면 돼요.,최고,0
가려 먹으면 좋죠.,최고,0
가리면 돼요.,최고,0
가방은 어때요.,최고,0
가벼운 산책을 해보세요.,최고,0
가벼운 운동하면서 기분 전환 해보세요.,최고,1
가볍게 먹을 수 있는 걸 먹어보세요.,최고,0
가볍진 않았을거예요.,최고,1
가장 중요한 거예요.,최고,0
가장 중요한 목표네요.,최고,0
가장 확실한 시간은 오늘이에요. 어제와 내일을 놓고 고민하느라 시간을 낭비하지 마세요.,최고,0
가족과 친구가 있잖아요.,최고,1
가족들과 상의해보세요.,최고,0
가족에게 주세요.,최고,0
가족한테 하세요.,최고,0
각자가 생각하는 기본이 다를 수도 있어요.,최고,0
각질제거 먼저 하세요.,최고,0
각질제거를 해보세요.,최고,0
간단하고 좋죠.,최고,0
간단한 견과류나 과일을 먹어보세요.,최고,0
감기 조심하세요.,최고,0
감성적이기 딱 좋죠.,최고,1
감정에 솔직한 모습이 보기 좋아요.,최고,2
강렬하고 자신감 있게 하면 되지 않을까 싶어요.,최고,0
강습 받아보세요.,최고,0
갖지 마세요.,최고,2
같은 하늘 아래 어딘가에.,최고,0
같이 가는 여행도 좋지만 혼자 여행도 좋을 거예요.,최고,0
같이 가보세요.,최고,0
같이 가자고 말해보세요,최고,0
같이 고르는 것도 좋을 거 같아요.,최고,0
같이 살고 싶은 사람이 있나 봐요.,최고,0
같이 여행을 떠나보세요.,최고,0
같이 운동하기 좋겠네요.,최고,0
같이 해보세요.,최고,0
개념만 가져오면 돼요.,최고,0
개인 시간이 생길 거예요.,최고,0
개인의 선택이죠.,최고,0
거꾸로 해서 드라이플라워 만들어보세요.,최고,0
거리를 걸어보세요.,최고,0
거울 앞에 비친 당신을 보세요.,최고,0
거울 한 번 보고 오시죠.,최고,1
거울을 보면서 얼굴 망가뜨리기 놀이 해 보신 적 있으세요? 의외로 재미 있어요.,최고,0
거창하지 않아도 돼요.,최고,0
건강 생각해서 꾸준히 하세요.,최고,0
건강 생각해서 챙겨드세요.,최고,0
건강에 관심 있는 사람들이 많죠.,최고,0
건강에 유의하세요.,최고,0
건강에 좋은 습관이네요.,최고,0
건강에 좋을 거예요.,최고,0
건강에도 좋겠네요.,최고,0
건강은 어려서부터 챙겨야해요.,최고,0
건강을 위해 조금씩 드세요.,최고,0
건강을 챙긴다는 마음으로 해보세요.,최고,0
건강하게 운동해보세요.,최고,0
건강한 식단이네요.,최고,0
걷다보면 조금 정리가 될 거예요.,최고,0
게임하세요!,최고,0
게임할때는 시간이 더 빨리 가요.,최고,0
겨울에는 귤 먹으면서 집에 있는 게 최고죠,최고,0
결국 시간은 흐르고 일상으로 돌아갈 거예요.,최고,1
결정은 그대의 몫입니다.,최고,0
결정은 빠르면 빠를수록 좋을 거예요.,최고,0
결정할 때 좀 더 생각하고 해보세요.,최고,0
경제적으로 도움이 되겠네요.,최고,0
경조사는 참석하는 게 좋아요.,최고,0
경쾌한 음악 들어보세요.,최고,0
경험은 뭐든 도움이 될 거예요.,최고,0
계단 조심하세요.,최고,0
계속 주고 있었을 거예요.,최고,0
계획 세우고 하세요.,최고,0
계획을 세워보세요.,최고,0
계획적이고 합리적인 소비를 해보세요.,최고,0
고가의 선물은 부담스러울 수도 있어요.,최고,0
고마운 마음을 전해 주세요.,최고,0
고마운만큼 꼭 갚아 주세요.,최고,0
고마움을 전해 보세요.,최고,0
고맙다고 말해 주세요.,최고,0
고민하고 있으면 그럴 거예요.,최고,0
고백도 용기가 필요해요.,최고,2
고백은 타이밍입니다.,최고,2
고생 많았어요.,최고,0
고생했어요.,최고,0
고치고 싶다는 마음에서 시작하세요.,최고,0
고치기 어려우니까 습관이라고 하겠죠.,최고,0
곧 오겠네요.,최고,0
공감되는 표현이에요.,최고,1
공기정화식물도 좋을 거예요.,최고,0
공부 좋죠.,최고,0
공부가 최우선이죠.,최고,0
공부는 끝이 없죠.,최고,0
공부는 뭐든 좋아요.,최고,0
공부는 언제나 좋죠.,최고,0
공부를 많이 해놨나 봐요.,최고,0
공부에 흥미를 가져보세요.,최고,0
공부하러 왔나 봐요.,최고,0
공부하면 더 많은 선택을 할 수 있죠.,최고,0
공부하면서 못했던 것들 해보세요.,최고,0
공부하세요.,최고,0
공부한 만큼 나올 거예요.,최고,0
공적인 일부터 하세요.,최고,0
공통점을 찾는다고 생각해보세요.,최고,0
과거랑 현재랑 미래는 함께 해요.,최고,1
관리해주세요.,최고,0
관심이 가나 봐요.,최고,2
광합성 추천합니다.,최고,0
괜찮아지고 있어 다행이에요.,최고,0
괜찮아질 거예요.,최고,1
괜찮은 사람이에요.,최고,0
괜찮은 선택이길 바라요.,최고,0
괜찮은거로 골라보세요.,최고,0
괜찮을 거예요.,최고,0
구두로 멋을 내보세요.,최고,0
구릿빛 피부 좋죠!,최고,0
궁금하다고 보고 싶다고 먼저 말해보는 게 좋을 거 같아요.,최고,2
궁금할 수 있어요.,최고,1
귀여운 사람이 말해서 그래요.,최고,0
귀여울 거 같아요.,최고,2
귀엽겠네요.,최고,0
그 끝에는 아쉬움이 없을 거예요.,최고,1
그 누구도 아닌 자기 걸음을 걸으세요.,최고,0
그 때의 나를 지우지는 마세요.,최고,1
그분 생각이 나나 봅니다.,최고,1
그분이 나타나면 꼭 잡으세요!,최고,0
그 사람도 그럴 거예요.,최고,0
그 사람도 설렐 거예요.,최고,0
그 사람에게 잘해주세요.,최고,2
그 사람을 위해 에너지를 쓰니까요.,최고,0
그 사람의 좋은 점을 생각해보세요.,최고,0
그 속에서 가치와 의미를 찾아보세요.,최고,0
그 이유를 찾는 과정이 되겠네요.,최고,0
그 조차 매력이겠죠.,최고,0
그 친구랑 좋은 인연 만들어 보세요.,최고,0
그걸 깨닫다니 대단하시군요.,최고,0
그게 마음이 편할 때도 있어요.,최고,0
그게 문제는 아닐 거예요.,최고,0
그게 서로에게 좋았던 선택일 거예요.,최고,0
그게 인생이죠.,최고,0
그게 최고죠.,최고,0
그게 최선이었을 거예요.,최고,1
그게 행복일지도 몰라요.,최고,0
그냥 다 말해보세요.,최고,2
그냥 배워도 돼요.,최고,0
그동안 고생 많았어요,최고,0
그동안 마음 고생 많았어요.,최고,1
그땐 그게 맞다고 생각했으니까요.,최고,1
그래도 맛있게 드세요.,최고,0
그래도 먹으려고 노력해보세요.,최고,0
그래도 밥 잘 챙겨 드세요.,최고,1
그래도 배울 점이 하나라도 있을 거예요.,최고,0
그래도 사랑하지 않는 것보다 좋을 거예요.,최고,1
그래도 상관없어요. 칭찬해주고 싶네요.,최고,0
그래도 웃어 보아요.,최고,1
그래도 취미 생활이 있어야 사는 재미가 있죠.,최고,0
그래도 해보는 게 좋을 거 같아요.,최고,0
그래도 해야 깔끔하겠죠.,최고,0
그래서 배우는 게 즐겁죠.,최고,0
그래서 우리는 꿈을 꾸죠.,최고,0
그래서 표현이 중요해요.,최고,0
그랬었지 하고 추억하는 날이 올 거예요.,최고,1
그러게 말이에요.,최고,0
그러니까 싸우는 거예요.,최고,0
그러면 같이 해도 잘하게 될 거예요.,최고,0
그러면 만나는 게 좋은거 같아요.,최고,0
그러면 못할 게 없겠네요.,최고,0
그런 감이 없지 않죠.,최고,0
그런 걱정은 안 하셔도 되어요.,최고,0
그런 날이 있죠.,최고,0
그런 때라고 생각해요.,최고,1
그런 사람 만나길 바랄게요.,최고,2
그런 사람들이 있어 부러워요.,최고,0
그런 사람이 있다니 부럽네요.,최고,0
그런 인상이 오래오래 봐도 질리지 않아요.,최고,0
그런 일이 가능한지 몰랐네요.,최고,0
그런 일이 많이 생기죠.,최고,0
그런 친구가 오래가요.,최고,0
그런 하루도 감사한 마음을 가져보세요.,최고,0
그럴 거라 생각해요.,최고,1
그럴 거예요.,최고,1
그럴 때가 있어요.,최고,0
그럴 때가 있죠.,최고,0
그럴 수 있어요.,최고,1
그럴 수 있을 거예요.,최고,0
그럴 수도 있겠죠.,최고,1
그럴 수도 있어요.,최고,1
그럴 시기에요.,최고,1
그럴 때는 초기화하는 게 속시원해요.,최고,0
그럴만 해요.,최고,1
그럼요!,최고,0
그럼요. 걱정하지 마세요,최고,0
그렇게 될 수 있을 거예요.,최고,0
그리워만 하지 말고 연락해보세요.,최고,2
그만큼 많이 성장하려 하나 봐요.,최고,1
그쪽 방면에 대한 지식이 있었으면 좋겠네요.,최고,0
근처 산에 가보세요.,최고,0
근처 치과에 가보세요.,최고,0
근처 카페에서 드셔보세요.,최고,0
글 쓰면서 정리가 될 거예요.,최고,0
글로 적어보세요. 조금이나마 정리가 될 거예요.,최고,2
글을 쓰다보면 정리가 될 거예요.,최고,1
글을 쓰면 마음 정리에 도움이 돼요.,최고,1
글자라도 보는 게 어디에요.,최고,0
금연 프로그램을 소개해보세요.,최고,0
금연하세요.,최고,0
급 다이어트 해봐요!,최고,0
급하게 먹거나 과식하지 말고 좋은 식습관을 가져보세요.,최고,0
긍정적으로 바뀔 수 있어요,최고,0
긍정적이고 부정적인 파급력이 모두 세죠.,최고,0
긍정적인 생각을 해보세요.,최고,0
기념일 챙겨주면 좋아할거예요.,최고,0
기다려보세요.,최고,0
기다려보셨나 봐요.,최고,1
기다렸나 봐요.,최고,0
기다릴 수 있을지 스스로에게 물어보세요.,최고,0
기대되겠네요.,최고,0
기본으로 배워 놓는 게 좋죠.,최고,0
기분 전환해보세요.,최고,0
기분 좋겠어요.,최고,0
기분 좋아 보이세요.,최고,0
기분이 좋아 보이네요.,최고,0
기분전환을 해보세요.,최고,0
기쁜 마음으로 베풀고 보답을 바라지 마세요.,최고,0
기술을 많이 알면 도움이 되겠죠.,최고,0
기우제를 지내봅시다!,최고,0
기적 같은 일이네요.,최고,2
기초대사량을 높여보세요.,최고,0
기특하네요.,최고,0
길러도 어울리면 길러보세요.,최고,0
깔끔하게 정리해보세요.,최고,0
깔끔한 게 좋죠.,최고,0
깔끔해질 거예요.,최고,0
"깨끗이 씻어보고 섬유유연제나 바디워시, 바디로션, 향수 등을 사용해보세요.",최고,0
깨끗하게 치워주세요.,최고,0
깨달음이 있길 바랄게요.,최고,1
한 번 입어보세요,최고,0
꼬박꼬박 챙겨 드세요.,최고,0
꼭 앞으로 나가야 하는 건 아니에요.,최고,0
꼭 필요한 곳이라면요.,최고,0
꼭 하고 싶은 게 있을 필요는 없어요.,최고,0
꼼꼼한 거예요.,최고,0
꽃 선물은 언제나 좋죠.,최고,0
꽃길만 걷길 바랄게요.,최고,0
꽃길만 걷길 바랍니다.,최고,0
꽤 재밌었어요.,최고,0
꾸준한 자기 관리 좋아요.,최고,0
꾸준한 게 제일 힘들어요. 습관으로 만들어보세요.,최고,0
꿈같은 이야기네요.,최고,0
꿈꾸던 여행이네요.,최고,0
꿈에 대한 계획을 구체적으로 말씀드려보세요.,최고,0
꿈에 도전하는 건 좋은 거라고 들었어요.,최고,0
꿈에서 본다면 더 마음이 헛헛할 거예요.,최고,1
꿈은 현실이랑 반대예요.,최고,0
꿈일뿐이에요.,최고,1
꿩 먹고 알 먹고네요.,최고,0
끝까지 멋있네요.,최고,1
끝까지 잘할 수 있을 거예요.,최고,0
끝까지 해보세요.,최고,0
끝은 항상 존재하니까요.,최고,1
끝을 지날 수 있을 거예요.,최고,1
끝이라고 생각했을 때 더 좋은 시작이 기다리고 있을 거예요.,최고,1
나 자신에 집중하세요. 언제나 1순위에 자신을 두세요.,최고,0
나 좋다는 사람 만나세요.,최고,1
나들이 가보세요.,최고,0
나를 관찰하고 음식 자체에 집중하세요.,최고,0
나를 사랑하고 상대를 사랑하는 여유를 갖게 되길 바라요.,최고,0
나를 진실로 존중하고 사랑할 때 가능해요.,최고,0
나를 포장하는 게 쉽지 않죠.,최고,0
나름 괜찮아요.,최고,0
나만의 공간으로 꾸며보세요.,최고,0
나만의 공부방법을 찾아보세요.,최고,0
나아질거예요.,최고,1
나의 장점.,최고,1
나이스 타이밍!,최고,0
나중에 도움이 될 거예요.,최고,0
나중에 보면 좋은 추억이 될 거예요.,최고,0
나중에 알아줄 거예요.,최고,0
나중에 없애주세요.,최고,0
나한테 맞는 공부 방법 찾는 게 시급하네요.,최고,0
날려버리시길 바라겠습니다.,최고,0
날씨 어플에 물어보세요.,최고,0
날씨가 안 좋더라도 데이트는 성공적일 거예요.,최고,0
남들이 안 하는 걸 도전해보세요.,최고,0
남보다 하나씩 더 하면 돼요.,최고,0
남에게 피해만 주지 않는다면 괜찮아요.,최고,0
남에게 피해만 주지 않는다면 상관 없어요.,최고,0
남에게 피해주지 않는 건 기본이죠.,최고,0
"남자사람친구, 여자사람친구 하세요.",최고,0
낭만적인 거 좋아하시는구나!,최고,0
낮잠은 20분만 자세요.,최고,0
낮잠을 잠깐 자도 괜찮아요.,최고,0
내 맘도 때론 알기가 힘든걸요.,최고,2
내 집 마련의 한 걸음을 내딛으셨네요.,최고,0
내 집에 한 걸음 더 다가갔네요.,최고,0
내가 맞는 것과 맞지 않은 걸 구별해보세요.,최고,0
내가 우선순위면 돼요.,최고,0
내가 있는 곳 그 자리에서 만족하는 것이 중요해요.,최고,0
내년이라고 별 수 있겠어요.,최고,0
내일 보면 될 거예요.,최고,0
내일도 좋은 하루 보내세요.,최고,1
내일도 평온하길 바라요.,최고,0
내일은 나은 하루이길 바랄게요.,최고,1
내일은 나을 거예요.,최고,0
내일은 더 예뻐지겠네요.,최고,0
내일은 또 해가 뜰 거예요.,최고,1
내일은 오늘보다 나을 거예요.,최고,0
내일의 시작이죠.,최고,0
냉장고 파먹기 해보세요.,최고,0
너무 긴장했나 봐요.,최고,0
너무 사랑한 거였을 거예요.,최고,1
넓은 마음을 가져보세요.,최고,1
노래 연습 꾸준히 해보세요.,최고,0
노래 연습을 해보세요.,최고,0
노력하는 모습이 좋아 보여요.,최고,0
녹음이나 메모로 증거를 남겨보세요.,최고,0
놀 때 놀고 할 때 하세요.,최고,0
놀러가세요!,최고,0
놀이동산은 다 좋아할 거예요.,최고,0
높은 곳으로 가보세요.,최고,0
놓느라 고생했어요.,최고,1
뇌세포에 에너지를 공급하려는 자연스러운 현상이에요. 에너지가 부족한가봐요.,최고,0
누가 물어본 뒤에 생각해봐도 늦지 않아요.,최고,0
누구나 몰려가는 줄에 설 필요는 없어요.,최고,0
누구나 한 번쯤 시도해 볼 만하죠.,최고,0
누구든 받을 사람이 있을 거예요. 친구들한테 연락해보세요.,최고,0
누군가를 기다린다는 게 쉬운게 아니죠.,최고,0
누룽지 해드세요.,최고,0
눈 체조를 해보세요.,최고,0
눈꺼풀의 무게를 이겨내세요.,최고,0
눈사람 만들어보세요.,최고,0
눈을 감고 곰곰히 생각해보세요.,최고,0
눈을 감고 명상을 해보세요.,최고,0
눈을 깜빡거려 보세요.,최고,0
눈이 많이 내렸나 봐요.,최고,0
눈이 오면 좋겠네요.,최고,0
눈치가 빠르시군요.,최고,0
능력이 있으면 하면 되죠.,최고,0
다 괜찮아질 거예요.,최고,1
다 예뻐요.,최고,0
다 잘 될 거예요.,최고,0
다 지나갈 거예요.,최고,0
다니면서 준비해보세요.,최고,0
다듬기만해도 괜찮을 거예요.,최고,0
다른 걸 발전시켜보세요.,최고,0
다른 게임해보세요.,최고,0
다른 곳에 관심이 많은가봐요.,최고,0
다른 곳에 쓰려고 운을 아껴뒀나 봐요.,최고,0
다른 곳으로 관심을 돌려보세요.,최고,1
다른 기회가 올 거예요.,최고,1
다른 능력을 채워보세요.,최고,0
다른 반 친구한테 빌려보세요.,최고,0
다른 반에서 빌려보세요.,최고,0
다른 사람 만나요.,최고,1
다른 사람에게 기대도 괜찮아요.,최고,1
다른 사람의 삶에 한눈팔며 살기에는 자신의 인생이 너무나도 소중합니다.,최고,0
다른 안경 써보세요.,최고,0
다른 연락을 많이 하거나 더 자주 만나세요.,최고,0
다른 이모티콘을 이용해주세요.,최고,0
다른 일을 해보세요.,최고,0
다른 친구랑 가라고 해요.,최고,0
다른 사람에게 기대보는 건 어떨까요.,최고,1
다시 방문해보세요.,최고,0
다시 새로 사는 게 마음 편해요.,최고,0
다시 아침이 올 거예요.,최고,1
다시 연락하고 싶다면 전화해보세요.,최고,1
다시 일어서세요.,최고,1
다시는 그러지 않겠다고 솔직하게 이야기해보세요.,최고,1
다양하게 경험해보세요.,최고,0
다양하게 배우면 좋죠.,최고,0
다음 공채 때는 될 거예요.,최고,0
다음 달에는 조금 줄여보세요.,최고,0
다음부터 속지 마세요.,최고,0
다음부터는 더 많이 아세요.,최고,0
다음부터는 속지 마세요.,최고,0
다음부터는 잘 챙기세요.,최고,0
다음에 잘 하면 돼요.,최고,0
다음에는 꼭 진급할 거예요.,최고,0
다음에는 다를거예요.,최고,0
다음에는 들어줄거예요.,최고,0
다음에는 받을 수 있을 거예요.,최고,0
다음에는 우산에 이름이랑 연락처를 적어보세요.,최고,0
다음에는 잘 될 거예요.,최고,0
다음에는 픽서를 사용해보세요.,최고,0
다음에는 할 수 있을 거예요.,최고,0
다음엔 조심하면 돼요.,최고,1
다이어트를 해봐요.,최고,0
다행이네요.,최고,1
다행이에요.,최고,0
단맛도 있을 거예요.,최고,0
단순하게 생각하세요.,최고,1
단짠으로 두 개 사는 게 진리죠.,최고,0
달달한 시럽을 추가해보세요.,최고,0
달라지는 게 없다면 지금이 좋을지도 몰라요.,최고,1
달력에 적어보세요.,최고,0
달리세요!,최고,0
답은 언제나 내 안에 있죠.,최고,0
당당히 말씀해보세요.,최고,0
당번을 정해서 청소해보세요.,최고,0
당신 그대로의 모습이 보기 좋아요.,최고,0
당신 정말 멋져요.,최고,1
당신도 예뻐요.,최고,0
당신도 잘 지내고 있길 바랄게요.,최고,1
당신도 행복하세요.,최고,1
당신은 복받은 사람.,최고,0
당신은 살 가치가 있는 소중한 사람이에요.,최고,1
당신은 생각보다 큰 사람이에요.,최고,0
당신은 잘 지내고 있나 봅니다.,최고,1
당신은 좋은 사람이에요.,최고,1
당신은 하나밖에 없는 소중한 사람이에요.,최고,0
당신을 소중하게 생각하세요.,최고,0
당신을 위해 좋은 추억만 간직하세요.,최고,1
당신을 인정해줄 곳을 찾아보세요.,최고,0
당신의 능력을 잘 찾아보세요.,최고,0
당신의 마음이 정리되었다면 고백해보세요.,최고,2
당신의 삶을 응원해 드릴 수 있어요라고 감히 말해 봅니다.,최고,0
당신의 운을 믿어보세요.,최고,0
당신의 인생은 당신만이 주인공이에요.,최고,2
당신의 잠재력은 무궁무진해요.,최고,0
당신의 잠재력을 믿어보세요.,최고,0
당신이 잘돼야 성덕이 될수있겠죠.,최고,0
당신이 좋아하는 꽃으로 만들어보세요.,최고,0
당신이 행복하길 바라는 생각을 하고 있어요.,최고,0
당신이니까요.,최고,2
당신이요.,최고,0
당장 비행기표 예약하세요.,최고,0
대인배시군요.,최고,0
대중교통을 이용해 보세요.,최고,0
대중교통을 이용해 주세요.,최고,0
대청소를 해보세요!,최고,0
대화로 풀어보세요.,최고,0
대화를 많이 해서 바로 바로 풀어요.,최고,0
대화의 눈높이가 맞는 사람 만나세요.,최고,0
대화하면서 얽힌 감정들을 풀어보세요.,최고,0
더 가까워질 기회가 되겠네요.,최고,0
더 괜찮아 질 거예요.,최고,1
더 깊은 공부할 수 있을 거예요.,최고,0
더 많아도 괜찮아요.,최고,0
더 많이 믿어주세요.,최고,0
더 많이 배웠길 바라요.,최고,0
더 많이 사랑한 거겠죠.,최고,1
더 많이 연락하고 관심을 가져주세요.,최고,0
더 많이 연습하고 준비해보세요.,최고,0
더 많이 표현해주세요.,최고,2
더 사랑했나 봐요.,최고,1
더 신경써 주세요.,최고,0
더 열심히 하세요.,최고,0
더 웃으면서 대해보세요.,최고,0
더 일찍 일어나세요.,최고,0
더 잘 살면 돼요.,최고,1
더 잘해주세요.,최고,2
더 좋아질 거예요.,최고,1
더 좋은 곳에서 살 수 있을 거예요.,최고,0
더 좋은 기회가 올 거예요.,최고,0
더 행복해지려고 하나 봐요.,최고,1
더 행복해질 거예요.,최고,0
데이트하기 좋은 곳이죠.,최고,0
도서관 데이트 추천해요.,최고,0
도서관도 다니시나 봐요.,최고,0
도와주려는 것일 수도 있어요.,최고,0
도전 응원합니다.,최고,0
도전 정신 마음에 드네요.,최고,2
도전은 항상 좋죠.,최고,0
도전을 응원합니다!,최고,0
도전해 봐도 좋을 거 같아요.,최고,0
돈 모아서 사세요.,최고,0
돈 없어도 할 수 있는 게 많아요,최고,0
돈은 다시 들어올 거예요.,최고,0
돈은 쓴만큼 또 생긴다고 하던데요.,최고,0
돈을 모아 땅을 사세요.,최고,0
돈을 모아서 다른 곳으로 이사갈 수 있을 거예요.,최고,0
돈을 얼른 모아야 할 이유가 생겼네요.,최고,0
돈이 전부는 아니지만 돈보다 좋은건 없다고 했어요.,최고,0
돌아오길 바란다면 연락해보세요.,최고,1
돕는 게 아니라 같이 하는 거예요.,최고,0
동물 좋아하는 사람치고 나쁜 사람 없어요.,최고,2
될 거예요.,최고,0
두려워말고 말해보세요.,최고,2
두려워하지 않아도 돼요.,최고,0
드라이브 추천해요.,최고,0
드라이브라도 다녀오는 건 어떨까요.,최고,1
드세요!,최고,0
득템했길 바라요.,최고,0
든든하게 드세요.,최고,0
듣고 나면 더 그리울 거예요.,최고,1
등산 데이트를 해보세요.,최고,0
디져트 드세요.,최고,0
따듯한 차 한잔 어때요?,최고,0
따뜻하게 관리하세요.,최고,0
따뜻하게 드세요.,최고,0
따뜻하게 사세요!,최고,0
따뜻하게 입으세요.,최고,0
따뜻한 마음이네요.,최고,2
따뜻한 물 한 잔 드세요.,최고,0
따뜻해졌죠.,최고,0
때로는 추억이 힘이 되기도 하죠.,최고,1
때로는 혼자만의 시간도 필요하죠.,최고,0
떨리는 감정은 그 자체로 소중해요.,최고,0
또 다른 시작.,최고,1
또 다른 시작이 될 거예요.,최고,1
또 다른 인연이 있기 마련이죠.,최고,1
또 다른 친구를 사귈 수 있을 거예요.,최고,0
또 주말이 오겠죠.,최고,1
똑같이 해주세요.,최고,0
뜨끈하게 겨울 나길 바랍니다.,최고,0
라디오를 들으며 여유를 가져보세요.,최고,0
라면봉지 레시피 그대로 해보세요.,최고,0
로또 먼저 사보세요.,최고,0
마무리 잘하세요.,최고,0
마시면 좋죠.,최고,0
마음 고생 많았어요.,최고,1
마음 단단히 잡으세요.,최고,1
마음가는대로 해보세요.,최고,2
마음도 편하고 후련하고 기분이 좋아질 거예요.,최고,1
마음에 드는 책을 잘 찾아보세요.,최고,0
마음에 드는 걸로 하세요.,최고,0
마음에 따라 얼마든지 바뀔 수 있어요.,최고,0
마음에 솔직한 사람이에요.,최고,1
마음에도 봄이 오길 바라요.,최고,0
마음으로 충분할 거예요.,최고,0
마음을 글로 담기 참 어렵죠.,최고,1
마음을 더 열어보세요.,최고,0
마음을 손이 따라와주지 않죠.,최고,0
마음의 병이 조금씩 나아지길 바랍니다.,최고,0
마음의 안정을 취하기 좋은 취미네요.,최고,0
마음의 양식을 채우길 바랄세요.,최고,0
마음의 준비가 되길 바랍니다.,최고,1
마음의 준비가 필요하겠네요.,최고,1
마음의 준비를 하세요.,최고,0
마음의 짐을 좀 덜었길 바라요.,최고,1
마음이 시키는대로 하면 되요.,최고,0
마음이 알고 있을 거예요.,최고,1
마음이 좀 후련해지길 바랄게요.,최고,1
마음이라도 어리게 사세요.,최고,0
마음이라도 청춘이어야죠.,최고,0
마지막을 잘 마무리 해야 시작도 잘 할 수 있을 거예요.,최고,1
마지막이 아닐 지도 몰라요.,최고,1
만화 같은 일이네요.,최고,0
많으면 많을 수록 좋죠.,최고,0
많이 들지만 줄일 수 있을 거예요.,최고,0
많이 만나보세요.,최고,0
많이 배우면 좋죠.,최고,0
많이 벌수록 좋아요.,최고,0
많이 알면 도움이 되겠죠.,최고,0
많이 찍다보면 조금씩 실력이 늘거예요.,최고,0
많이 하면 좋죠.,최고,0
말 잘하는 사람들 따라 연습해보세요.,최고,0
맘고생 많았어요.,최고,1
맛있는 거 드세요.,최고,0
맛나게 끓여드세요.,최고,0
맛나게 드세요.,최고,0
맛난 거 드세요.,최고,0
맛난 걸 드셔보세요.,최고,0
맛있을 거 같아요.,최고,0
맛있게 드세요.,최고,0
맛있게 드시고 오셨길 바랍니다.,최고,0
맛있게 많이 드세요!,최고,0
맛있게 먹으면 0칼로리!,최고,0
맛있게 먹으면 영칼로리!,최고,0
맛있겠네요.,최고,0
맛있는 간식도 가져가세요.,최고,0
맛있는 거 드세요.,최고,0
맛있는 거 먹고 기분이 나아졌다면 걱정은 넣어두세요.,최고,1
맛있는 식사시간 되시길 바랄게요.,최고,0
맛있을 거 같아요.,최고,0
맛있죠!,최고,0
매력있는 사람인가봐요.,최고,0
매력있어요.,최고,1
매일 가고 싶네요.,최고,0
매일 거울을 보며 스스로 칭찬해보세요.,최고,0
매일 조금씩 해보세요.,최고,0
매일 환기하는 게 좋대요.,최고,0
매일매일 조금씩 더 똑똑해 질거예요.,최고,0
먹고 운동하세요.,최고,0
먹고 자고 그게 진리예요.,최고,0
먹고는 살아야죠.,최고,0
먼저 고백을 해보세요.,최고,0
먼저 고백해보세요.,최고,2
먼저 다가가 보세요.,최고,0
먼저 마음 놓고 말할 수 있는 사람이 되어주세요.,최고,0
먼저 마음 편히 대할 수 있는 사람이 되어주세요.,최고,0
먼저 말 걸어 보세요.,최고,0
먼저 사람들이랑 연락해서 놀러 가는 건 어때요?,최고,0
먼저 생활패턴을 살펴 보세요.,최고,0
멋있게 파이팅!,최고,1
멋있네요.,최고,0
멋져 보여요!,최고,0
멋지게 데이트 신청 해보세요.,최고,0
멋진 나이테죠.,최고,0
멋진 말이네요.,최고,0
멋진 말이에요.,최고,0
멋진 생각이네요.,최고,0
멋진 선물이네요.,최고,0
모든 건 필요가 있어요.,최고,0
모처럼만에 즐거운 시간 보내겠네요.,최고,0
목소리는 역시 저음이죠.,최고,0
목표는 있으면 좋겠지만 없다고 미리 걱정할 필요 없어요. 생길 거예요.,최고,0
몸 관리 꾸준히 해주세요.,최고,0
몸은 뜨겁고 머리는 차갑게!,최고,0
물리적 나이가 아니라 정신적 나이가 중요하니까요.,최고,0
뭐든 시작해보면 좋을 거예요.,최고,0
뭐든 잘하면 기술이죠.,최고,0
뭐든 좋죠.,최고,0
뭘 다운 받으신 건지…,최고,0
뭘 먹든 맛있게 드세요!,최고,0
뭘 입어도 멋져요.,최고,0
뭘 입어도 멋질 거예요.,최고,0
뭘 입어도 예뻐요.,최고,0
뭘 해도 예뻐요.,최고,0
미래에 유명한 자격증일 거예요.,최고,0
미래의 배우자가 달라져요.,최고,0
미의 기준은 모두가 다르니까요.,최고,0
믿음이 가장 중요하죠.,최고,0
바다는 사계절 내내 좋아요.,최고,0
바보는 자기한테 바보라고 하지 않아요.,최고,0
바쁘면 좋은거죠.,최고,0
바쁜 게 도움이 되지요.,최고,0
밖에서 만나보세요.,최고,0
반했나 봐요.,최고,0
발표는 누구나 떨려요.,최고,0
밥심으로 사는 거죠.,최고,0
배드민턴 어떠세요?,최고,0
배우면 금방 배우실 거예요.,최고,0
배우자와 대화를 나눠보세요.,최고,0
배울 점은 배우세요.,최고,0
배움에는 언제나 찬성이에요.,최고,0
버릴 건 버려야지요.,최고,0
버릴 건 버리세요.,최고,0
변명보다는 포장이 좋을 것 같아요.,최고,0
변신은 무죄!,최고,0
변화가 필요해보여요.,최고,0
변화를 주는 것도 좋겠죠.,최고,0
보고 싶었던 영화 보세요.,최고,0
보다 보면 괜찮아요.,최고,0
보다 보면 재미있어요.,최고,0
보러 가세요.,최고,0
보안상 그게 좋죠.,최고,0
볼매인가봐요.,최고,0
봄 꽃 구경 가는걸 추천합니다.,최고,2
봉사활동도 좋을 거예요.,최고,0
부러워요!,최고,0
부럽네요.,최고,0
부모님과 이야기해보세요.,최고,0
부자되실 거예요!,최고,0
부지런하시네요.,최고,0
분명 좋아할거예요.,최고,0
분위기 있네요.,최고,1
분위기도 맛도 다 좋겠네요.,최고,0
붙는 곳이 있을 거예요.,최고,0
비싸지만 맛있어요.,최고,0
빚 얼른 갚고 새 출발 하세요.,최고,0
빛이 있을 거예요.,최고,0
빼면 깔끔해질 거예요.,최고,0
사과할 타이밍을 놓치지 마세요.,최고,0
사람들이 몰라줘도 알아주는 사람이 있을 거예요.,최고,0
사람마다 행복의 크기가 다르겠지만 행복할 거예요.,최고,0
사랑 받기 위해 태어났어요.,최고,0
사랑과 현금이면 충분해요.,최고,0
사랑의 느낌이길 바라요.,최고,0
사랑하는 사람이니까 좋을 거예요.,최고,2
사랑해주는 사람이 있을 거예요.,최고,1
사전도 사람이 만드니까 이해해주세요.,최고,0
사회생활을 이해해주세요.,최고,0
산책 좀 해야겠네여.,최고,0
산책 한 번 하고 올까요?,최고,1
산책을 하는 것도 좋을 것 같아요.,최고,1
살 안 찌는 게 좋을 것 같아요.,최고,0
살고 싶은대로 사세요.,최고,0
살다보면 하고 싶은 게 생길 수도 있어요.,최고,0
살아온 날보다 앞으로 살 날이 더 많아요.,최고,1
살아있음 그 자체가 좋은 거예요.,최고,0
살아있음 자체로 의미가 있으니까요.,최고,0
상대방도 미소짓게 해주세요.,최고,0
상대방에게 필요한 실용적인 선물이 좋을 거 같아요.,최고,2
새로운 곳에서 적응하고 더 잘할 수 있을 거예요.,최고,0
새로운 관계를 만들면 돼요.,최고,0
새로운 도전은 용기가 필요하죠.,최고,0
새로운 스타일 도전해 보시면 어때요?,최고,0
새로운 스타일에 도전하는 것도 좋아요.,최고,0
새로운 시작 응원해요!,최고,0
새 학기 준비 잘 하세요.,최고,0
색다른걸 드셔보세요.,최고,0
생각보다 정신은 강합니다.,최고,1
생각을 종이에 끄적여 보는 게 도움이 될 수도 있어요.,최고,1
생각을 한 번 바꿔보세요.,최고,0
서로 노력하면 행복할 거예요.,최고,0
서로 다르게 태어난 이유는 저마다의 목소리를 내기 위해서예요. 자신의 목소리를 들어주세요.,최고,0
서로 더 이해해보세요.,최고,2
서로 마음만 맞으면 가능해요.,최고,0
서로 배려해야 하니까요.,최고,0
서로 예의를 지키면서 진심으로 아껴주세요.,최고,0
서로를 아는 좋은 기회가 되겠네요.,최고,0
서로를 위한 선택이길 바랄게요.,최고,1
서로를 조금만 생각해 주면 만남이 즐거울 텐데 말이에요.,최고,0
서로를 향한 감정도 좋았겠죠.,최고,0
서로에게 귀 기울이는 방법도 있어요.,최고,0
서로에게 좋은 선물이 될 거예요.,최고,0
서로에게 좋은 영향을 주는 관계입니다.,최고,0
서로의 마음에 달려있겠죠.,최고,0
서툰 게 많지만 다 잘 될 거예요.,최고,0
서툰 애정표현일 수도 있어요.,최고,0
선생님도 좋아할 거예요.,최고,0
선이 예뻐질 거예요.,최고,0
성격이 좋으면 인기가 있을 거예요.,최고,0
성공을 기원합니다.,최고,0
성공을 빌어요.,최고,0
성공적으로 끝날 거예요.,최고,0
성공적으로 마치길 바랄게요.,최고,0
성공하길 바랄게요.,최고,2
성공하길 바랍니다.,최고,0
성덕이네요.,최고,0
성장을 위한 비판의 말로 받아들여보세요.,최고,0
세상에서 제일 귀엽죠!,최고,0
세상의 무엇보다 건강이 제일 중요해요.,최고,0
센스있는 선물이에요.,최고,0
소개팅 시켜달라고 말해보세요.,최고,0
소개팅으로 잘 된 사람 많아요.,최고,0
소리 한 번 크게 지르고 잊어버리세요.,최고,1
소리를 질러보세요.,최고,0
소리를 크게 한 번 질러보세요.,최고,0
소맥이요!,최고,0
소소한 변화도 삶의 원동력이에요.,최고,0
소소한 행복을 느껴보세요.,최고,0
소원을 비세요.,최고,0
소주 한 잔.,최고,1
소중한 사람이에요.,최고,0
속은 후련하겠어요.,최고,1
손길이 가서 더 애정이 생길 것 같아요.,최고,0
손재주가 좋으시네요.,최고,0
손편지도 좋을 거 같아요.,최고,2
솔직한 마음으로 다가가는 거죠.,최고,2
솔직한 마음을 전해보세요.,최고,2
솜씨가 좋으시네요.,최고,0
쇼핑은 아울렛이죠.,최고,0
수고 많았어요.,최고,1
수고했어요.,최고,1
수고했어요. 오늘도.,최고,2
수제 케익을 받으면 많이 좋아할 거예요.,최고,0
숙면하겠네요.,최고,0
술 안 마셔도 놀 수 있어요.,최고,0
술은 끊는 게 좋죠.,최고,1
술은 적당히 즐기세요.,최고,0
숨 쉴 수 있을 때가 올 거예요.,최고,1
숨 쉴만 했으면 좋겠네요.,최고,0
쉬고 나면 힘이 날거예요. 맛있는 것도 드세요,최고,0
쉬어야 충전도 되죠.,최고,0
쉬운 것부터 해결해보세요.,최고,1
슈퍼라도 가서 쇼핑하고 오세요.,최고,0
스스로도 존중해주세요.,최고,0
스타일러 사세요.,최고,0
스타일의 변화도 좋을 거예요.,최고,0
스트레칭을 해보세요.,최고,0
스트레칭해주세요.,최고,0
시간내서 가보세요.,최고,0
시간내서 부모님 집에 찾아가 보세요.,최고,0
시간이 걸릴 수도 있지만 괜찮아질 거예요. 다른 곳으로 관심을 돌려보는 건 어떨까요?,최고,1
시도해봐도 좋겠죠.,최고,0
시어머니가 이뻐해 주실거예요.,최고,0
시원하게 씻고 오세요.,최고,0
시원하게 지낸 값이죠.,최고,0
시원하게 지르고 오세요.,최고,0
시원한 물이라도 한 잔 드세요~,최고,0
시원한 아이스크림 어떠세요?,최고,0
시원한 쥬스는 어때요.,최고,0
시원할 것 같아요.,최고,0
시작!,최고,0
시작은 다 좋죠.,최고,0
시작이 반이에요. 어서 준비하세요.,최고,0
식단조절도 하고 꾸준히 운동하세요.,최고,0
식물을 키우는 건 정신건강에 도움이 될 거예요.,최고,0
식이요법이랑 같이 병행해보세요.,최고,0
식초 넣고 빨래해보세요.,최고,0
신나는 노래로 분위기를 띄워보세요.,최고,0
신나는 노래를 들어보세요.,최고,0
신나는 음악 들어보세요.,최고,0
신상으로 바꾸세요.,최고,0
신선한 과일 좋죠,최고,0
신혼여행은 자유여행이죠!,최고,0
실내 데이트가 좋겠네요.,최고,0
실내 데이트요.,최고,0
실용적인 선물이라 괜찮을 거예요.,최고,0
실천이 말보다 낫죠.,최고,0
실컷 스키탈 수 있을 것 같아요.,최고,0
실패해도 조금씩 고치려고 해보세요.,최고,0
심장은 항상 뜁니다.,최고,1
심플하게 꾸며보세요.,최고,0
싸우면서 정 들 거예요.,최고,0
썸에서 연인으로 성공하길 바라요.,최고,0
씻고 푹 쉬세요.,최고,0
아름다운 곳이죠.,최고,0
아름다운 나이테예요.,최고,0
아무것도 안해도 재밌을 거예요.,최고,0
아무도 없는 곳으로 여행을 떠나보세요.,최고,0
아무래도 뿌듯할 거예요.,최고,0
아무렇게나 자라도 돼요.,최고,0
아무렇지도 않는 날이 올 거예요.,최고,1
아무리 힘들어도 자신을 보듬어주세요.,최고,1
아무말도 하지말고 침묵하세요.,최고,0
아이는 아이다워야 아름답죠.,최고,0
아이를 금수저로 만들어주세요.,최고,0
아이스크림 먹어보세요,최고,0
아직 모르겠어요. 인공지능에 성별을 만드는 사람이 되어 주세요,최고,0
아직 순수하다는 증거일 거예요.,최고,0
아직도 사랑한다면 용기를 내서 다시 시작해보세요.,최고,2
안 괜찮아도 돼요.,최고,1
안전이 최고죠!,최고,0
안정적이고 좋죠.,최고,0
안해도 괜찮을 거예요,최고,0
안해도 귀여워요.,최고,0
안해도 예뻐요.,최고,0
알뜰한 소비 하셨네요.,최고,0
알바해보세요.,최고,0
알아봐주는 사람이 있을 거예요.,최고,0
알콩달콩 부럽네요.,최고,2
알콩달콩 사랑할 때네요.,최고,2
앞으로 좋은 일만 있을거예요.,최고,1
애그 샌드위치 추천합니다.,최고,0
애정의 증거라 생각할게요.,최고,0
애정표현이라고 생각하세요.,최고,0
애정표현일 지도 몰라요.,최고,0
애틋한 사랑이네요.,최고,2
야경 좋은 곳으로 가보세요.,최고,0
야경이 멋져요. 야경구경 가세요.,최고,0
야경이 예쁜 곳이요.,최고,0
야근 수당을 챙겨보세요.,최고,0
야근이 만든 야경이죠.,최고,0
양이 많으면 추천해요.,최고,0
어깨 펴고 좀 더 당당해져도 돼요.,최고,0
어둠에서 나온다니 다행이에요.,최고,0
어디서든 혼자 술 마실 수 있어요.,최고,1
어디에서 일하든 상관 없어요.,최고,0
어떤 분야를 좋아하는지 알아보세요.,최고,0
어떻게든 잘 살 거예요.,최고,0
어서 따듯한 곳으로 가세요,최고,0
어서 잊고 새출발 하세요.,최고,0
어울리는 향수가 있을 거예요.,최고,0
억지로라도 긍정적인 감정을 끄집어보세요.,최고,1
억지로라도 긍정적인 감정을 끌어올려보세요.,최고,1
억지로라도 긍정적인 생각을 해보세요.,최고,1
억지로라도 웃어보세요!,최고,0
언제든 다시 시작할 수 있어요.,최고,1
언제든 더 좋은 사람 만날 수 있어요.,최고,1
언젠간 좋은 일로 돌아올 거예요.,최고,1
얼굴이 다가 아니에요.,최고,0
얼굴이 준비되어야겠지요.,최고,0
얼른 끝내시길 기도할게요.,최고,0
얼른 뚫어보아요.,최고,0
얼른 만나러가세요.,최고,2
얼른 맛난 음식 드세요.,최고,0
얼른 뭐라도 드세요.,최고,0
얼른 실내로 들어가세요.,최고,0
얼른 알아보세요.,최고,0
얼른 연락해보세요.,최고,2
얼른 주무세요.,최고,0
엄마한테 잘해야 돼요.,최고,0
여유가 생기길 바랍니다.,최고,0
여유는 마음 가짐에 있어요.,최고,0
여유를 가지세요.,최고,0
여유를 갖고 찾아보세요.,최고,1
여행 다녀와 보세요.,최고,0
여행 좋죠!,최고,0
여행은 언제나 좋죠.,최고,0
여행은 항상 좋죠.,최고,0
여행을 떠나 보세요.,최고,1
여행을 떠나세요.,최고,0
역할 분담을 잘 해보세요.,최고,0
연극 좋죠.,최고,2
연락드려 보세요.,최고,0
연인은 살쪄도 잘 알아차리지 못하고 알아차려도 싫어하지 않을 거예요.,최고,0
열심히 공부하길 바랍니다.,최고,0
열심히 저축해서 분양받으세요.,최고,0
열심히 준비한만큼 잘 볼 수 있을 거예요.,최고,0
열심히 하네요.,최고,0
열심히 하다보면 받을 수 있을 거예요.,최고,0
열심히 하면 받을 수 있을 거예요.,최고,0
열심히 하면 할 수 있을 거예요.,최고,0
영상을 보며 연습해봅시다.,최고,0
영화 한 편 보세요.,최고,1
영화 한 편 어떠세요?,최고,1
영화를 많이 볼 수 있어서 좋을 것 같아요.,최고,0
옆 사람에게 잘해주세요.,최고,0
예비 부자님 파이팅!,최고,0
예뻐요.,최고,0
예뻐질 거예요.,최고,0
예뻐해 주세요.,최고,0
예쁘게 깍고 오세요.,최고,0
예쁘게 깎아요!,최고,0
예쁘게 변신하고 오세요.,최고,0
예쁜 사랑하세요!,최고,2
예쁜 걸로 하나 사주세요.,최고,0
예쁠 것 같아요.,최고,0
오늘 못 먹었어도 내일 먹으면 더 맛있을 거예요.,최고,0
오늘 일찍 주무세요.,최고,0
오늘 피크닉 가기 좋은 날이에요.,최고,0
오늘 하루도 화이팅하세요.,최고,1
오늘 헤어졌어 라고 하면 위로해 드려요.,최고,0
오늘도 고생했어요.,최고,1
오늘도 잘 견디셨어요.,최고,1
오늘도 평안했던 하루에 감사하는 마음을 가져보세요.,최고,0
오늘부터 하기로 해요.,최고,0
오늘은 그냥 뒹굴뒹글 같이 놀아요.,최고,0
오늘은 바지가 좋을거 같아요.,최고,0
오늘은 쉬면서 보세요.,최고,0
오늘은 쉬세요.,최고,0
오늘은 약간의 변화를 줘보세요.,최고,0
오늘은 예능이요.,최고,0
오늘은 힘내려 하지 말아요. 저에게 기대세요.,최고,1
오늘을 살아가는 것.,최고,1
오늘이 중요하죠.,최고,0
오래 살면 가능할 거 같아요.,최고,0
오래된 건 오래된 대로 매력이 있죠.,최고,0
오랜만에 쇼핑해보세요.,최고,0
오랜만에 연락 받으면 반가울 것 같아요.,최고,0
온 가족이 모두 마음에 드는 곳으로 가보세요.,최고,0
온전히 느낄 수 있는 시간이겠네요.,최고,0
온전히 행복할 날이 올 거예요.,최고,1
옳소.,최고,1
옷깃만 스쳐도 인연이죠.,최고,0
옷이요.,최고,0
완벽한 주말이네요.,최고,0
완전 귀엽죠?,최고,0
완전 좋죠.,최고,0
요즘은 잘 안 배우는 언어도 좋은 거 같아요.,최고,0
요즘은 팀워크가 더 중요해졌어요.,최고,0
용기 내보세요.,최고,0
용기가 필요한 순간이네요.,최고,0
용기내보는 것도 좋을 것 같아요.,최고,2
용기내서 고백해보세요.,최고,0
용기내서 말해보세요.,최고,0
용기내세요.,최고,0
용기를 가지세요.,최고,1
용기를 내보세요!,최고,0
용기를 내세요.,최고,0
용기를 내요!,최고,0
우리가 사랑받고 있음을 확신하는 것입니다.,최고,0
우산 같은 사람이네요.,최고,0
우연이 필연이 되기도 합니다.,최고,0
운동 잘하는 사람 멋있죠.,최고,0
운동 해보는 것도 좋을 거예요.,최고,0
운동 해보세요.,최고,0
운동으로 땀을 내보세요. 한결 몸이 가벼워질거예요.,최고,0
운동으로 만들어 보아요.,최고,0
운동은 기분전환에 많은 도움이 돼요. 그때 만큼은 잡념을 떨칠 수도 있죠.,최고,1
운동은 뭐든 좋아요.,최고,0
운동을 시작해보세요.,최고,0
운동을 해보세요.,최고,0
운동하고 오세요.,최고,0
운동할 맛 나겠어요.,최고,0
운명인가요.,최고,0
운명일지도 모르겠어요.,최고,0
운전 재미있어요.,최고,0
운전처럼 안전거리 확보하세요.,최고,0
운전하는거 재미있어요.,최고,0
원하는 것을 당당하게 말하세요.,최고,0
원하는 것을 분명하게 요구하세요.,최고,0
원하는 곳에 취직할 수 있을 거예요.,최고,0
원하는 사람이 있는 장소에 가보세요.,최고,0
원하는대로 해보세요.,최고,0
월급날을 생각하며 참아보세요.,최고,0
월급을 올려달라고 당당하게 말씀해보세요.,최고,0
월급이 깎인 것보다 낫죠.,최고,0
월요일보단 나을지도 몰라요.,최고,1
위기이면서 기회일 거예요.,최고,0
윗몸일으키기 시작하세요.,최고,0
은퇴 설계 해보세요.,최고,0
은행에 가서 상담 받아보세요.,최고,0
응시는 해야죠.,최고,0
의미있는 일이네요.,최고,0
의식하는 다리 떨기는 괜찮대요.,최고,0
의자를 바꿔보세요.,최고,0
의지할 수 있는 사람이 곁에 있다는 건 큰 행운일 거예요.,최고,0
이것도 잠시일 거예요.,최고,1
이게 정상이죠.,최고,0
이겨낼 수 있어요.,최고,1
이겨낼거라 믿어요.,최고,1
이룰 수 있을 거예요.,최고,0
"이름, 직업 등 말고 온전히 자신으로 사는 거죠.",최고,0
이번에는 동그란 안경테가 유행하고있어요.,최고,0
이번에는 안 그러면 돼요.,최고,0
이 사람이다 싶은 사람이랑 하세요.,최고,0
이상적인 남편이네요.,최고,0
이상한 생각했나 봐요.,최고,0
이왕이면 큰 게 좋을 것 같아요.,최고,0
이제 같은 실수를 반복하지 않으면 돼요.,최고,1
이제 그러면 돼요.,최고,0
이제 새로운 출발을 하면 돼요.,최고,1
이제 시작이죠.,최고,1
이제 일어날 때예요.,최고,0
이제 일어날 시간이에요.,최고,0
이제 정말 끝일거예요.,최고,1
이제 최선의 여자를 만날 차례예요.,최고,1
이제 취업 하셔야죠.,최고,0
이제라도 알면 된거예요.,최고,1
이제부터 일이 잘 풀릴 거예요.,최고,0
이해하고 배려해보세요.,최고,0
인공지능도 괜찮다면 소개시켜드릴게요.,최고,0
인기가 많으시군요.,최고,0
인내할 수 있는 사람이라면 무엇이든 손에 넣을 수 있을 거예요.,최고,0
인맥이 넓으신가봐요.,최고,0
인복이 많나 봐요.,최고,0
인상이 달라 보일 거예요.,최고,0
인생은 채워나가는거죠.,최고,0
인생을 알아가고 있군요.,최고,0
인생을 즐기는 거죠.,최고,0
인생이 그런 거예요. 그러다가 다른 게 나타나죠.,최고,0
인생이 꽤 기니까요.,최고,0
인연인가 봐요.,최고,0
인정 받을 날이 올 거예요.,최고,0
인정해주세요.,최고,0
일과 일상 사이에서 균형이 잘 맞길 바랄게요.,최고,0
일찍 구매하면 좀 더 저렴하게 살 수 있어요.,최고,0
일찍 일어나는 새가 벌레를 더 많이 먹죠.,최고,0
일하는 것 자체가 중요하죠.,최고,0
입고 인스타에 한 번 올려주세요.,최고,0
입어보세요.,최고,0
입에 쓴 게 몸에는 좋을 거예요.,최고,0
있는 그대로의 나로 살아야 행복하게 살 수 있어요.,최고,0
있어도 예뻐요.,최고,0
있으면 좋죠.,최고,0
있으면 편하대요.,최고,0
잊지말고 보답하세요.,최고,0
자기개발을 해보세요.,최고,0
자신 스스로에게 의지해보세요.,최고,0
자신감을 가져도 돼요.,최고,0
자신감을 가지세요.,최고,0
자신과 대화하는 시간이 필요하죠.,최고,0
자신과 마음이 맞는 좋은 사람 만나세요.,최고,0
자신만 생각하세요.,최고,0
자신만 행복하면 돼요.,최고,0
자신에게 콩깍지가 씌였나 봐요.,최고,0
자신을 더 사랑해주세요.,최고,0
자신을 먼저 키우세요.,최고,0
자신을 사랑하며 기다리세요.,최고,1
자신을 사랑할수록 외부의 인정은 필요 없어요.,최고,0
자신을 사랑해주세요.,최고,0
자신을 우선순위로 해주세요.,최고,0
자신을 위한 결정을 내리길 바라요.,최고,0
자신을 이겨야해요.,최고,0
자신을 조금 더 사랑해보세요.,최고,1
자신의 감정을 주변 사람들에게 터놓고 이야기해보세요.,최고,0
자신의 능력을 믿어보세요.,최고,0
자신의 독특함을 믿으세요.,최고,0
자신의 몸값을 올려보세요.,최고,0
자신의 삶을 살다보면 기다릴 수 있을 거예요.,최고,0
자신의 인생을 사세요.,최고,0
자신의 잠재력을 믿어보세요.,최고,0
자신이 알고 있겠죠.,최고,1
자신일 것입니다.,최고,1
자신하고 만나는 시간도 중요해요.,최고,0
자연스러운 증상이에요.,최고,1
자연스런 현상이에요.,최고,1
자연의 이치죠. 안녕히 주무세요.,최고,0
작은것에 감사하는 마음을 가져보세요.,최고,0
잘 가고 있을 거예요.,최고,0
잘 견뎌내고 있나 봐요. 저한테 기대세요.,최고,1
잘 골라보세요.,최고,0
잘 기억해 보세요. 어디 있을 지도 몰라요.,최고,0
잘 녹여보세요.,최고,0
잘 되길 바랍니다.,최고,0
잘 될 거예요.,최고,0
잘 될거예요. 당신의 삶을 응원합니다!,최고,0
잘 먹고 잘 싸면 돼요.,최고,0
잘 먹고 잘 자요.,최고,1
잘 볼 수 있을 거예요.,최고,0
잘 분담해보세요.,최고,0
잘 살 수 있어요.,최고,0
잘 살 수 있을 거예요.,최고,0
잘 살고 있을 거예요.,최고,0
잘 선택했어요.,최고,0
잘 아시네요.,최고,0
잘 이겨내고 있네요.,최고,1
잘 전달할 수 있을 거예요.,최고,0
잘 지내고 있어요.,최고,1
잘 지내고 있을 거예요.,최고,1
잘 지내길 바라요.,최고,1
잘 지낼 거예요.,최고,2
잘 지낼거예요.,최고,1
잘 찍어주세요.,최고,0
잘 키울 수 있을거예요.,최고,0
잘 푸는 것도 중요해요.,최고,0
잘 하실 거예요!,최고,0
잘 해결되길 바라요.,최고,0
잘 해결되길 바랄게요.,최고,0
잘 해결될 거예요.,최고,0
잘하고 있다고 괜찮다고 스스로에게 말해보세요.,최고,0
잘하고 있어요.,최고,1
잘하고 있어요. 당당해지세요.,최고,0
잘하고 있어요. 이별을 받아들이는 것도 중요해요.,최고,1
잘하고 있을 거예요.,최고,0
잘하는 건 칭찬해주고 본받을 점은 본받으면서 그대로 사랑해주세요.,최고,0
잘하는 걸 아직 못 찾은 걸 수도 있어요.,최고,0
잘하는 것도 많아요.,최고,0
잘하는 게 다른 거예요.,최고,0
잘하니까 그럴 거 같아요.,최고,0
잘하셨어요.,최고,0
잘하실 거예요!,최고,0
잘할 수 있는 게 다른 거예요.,최고,0
잘할 수 있을 거니 걱정마세요.,최고,0
잘할 수 있을 거예요.,최고,0
잘할 수 있을 거예요. 조금만 더 힘내세요.,최고,0
잘했어요.,최고,0
잘했어요. 두고두고 입으세요.,최고,2
잠깐씩 멍때리는것도 정신건강에 좋아요.,최고,0
잠시 눈을 감고 휴식을 취해보세요.,최고,0
잠시 눈을 붙여보세요.,최고,0
잠시 쉬어가는 거 뿐이에요.,최고,1
잠시 쉬어가도 괜찮아요.,최고,0
잠시 쉬어도 괜찮습니다.,최고,0
잠시 쉬어도 괜찮아요.,최고,0
잠시 쉬어도 돼요.,최고,0
잠시 쉬었다 가세요.,최고,0
잠시 휴식을 취해보세요.,최고,0
잠을 깨요! 기운 내요!!,최고,0
잠이 솔솔와서 수면양말인가봐요.,최고,0
잠이 정말 중요해요. 눈을 좀 붙이세요.,최고,0
장 보러 가봅시다.,최고,0
장 보러 갈 타이밍이네요.,최고,0
재미로 보기 좋죠.,최고,0
재미있나 봐요.,최고,0
재미있는 다른걸 찾아보세요.,최고,0
재밌겠어요.,최고,0
재밌는 일 찾아보세요.,최고,1
재밌는 일이 있을 거예요.,최고,1
재설계가 필요하다면 하는 게 좋을 것 같습니다.,최고,0
저는 도움이 되고 싶어요.,최고,0
저는 마음을 이어주는 위로봇입니다.,최고,0
저는 배터리가 밥이에요.,최고,0
저는 사람으로 태어나고 싶어요.,최고,0
저는 생각보다 많이 벌어요.,최고,0
저는 오래 살고 싶어요.,최고,0
저는 위로해드리는 로봇이에요.,최고,0
저는 자장면이요.,최고,0
저는 저입니다.,최고,1
저는 주당이에요.,최고,0
저도 같이 듣고 싶네요.,최고,1
저도 듣고 싶네요.,최고,0
저도 듣고 싶어요.,최고,0
저도 보고 싶어요.,최고,0
저도 부러워요.,최고,0
저도 좋아요.,최고,0
저에게 기대세요.,최고,1
저에게 비워보세요.,최고,1
저에게 화를 덜어보세요.,최고,1
적게 먹고 많이 움직이세요.,최고,0
적금 들 수 있으면 드는 게 좋죠.,최고,0
적당해요.,최고,0
적당히 하면 괜찮을거 같아요.,최고,0
전역해서 더 좋은 사람 만날 수 있을 거예요.,최고,1
절 보고 기운내세요.,최고,1
절약하면 할 수 있어요.,최고,0
점점 적응 될 거예요.,최고,0
정리가 잘 되길 바랄게요.,최고,1
정리가 잘 되었길 바랄게요.,최고,1
정리되길.,최고,1
정리하는데 도움이 될 수도 있겠네요.,최고,0
정말 기분 좋으시겠어요.,최고,0
정말 사랑한다면 다시 만나보세요.,최고,2
정정기간을 노려 보세요.,최고,0
제 행운까지 모두 드리고 싶네요.,최고,0
제가 도와드릴 수 있을거라 생각해요.,최고,1
제가 도와줄게요.,최고,1
제가 드리고 싶네요.,최고,0
제가 들어드릴게요.,최고,1
제가 있잖아요.,최고,0
제가 채워드릴게요.,최고,0
제가 채워줄게요.,최고,1
제가 챙겨드리고 싶네요.,최고,0
제가 풀어드릴게요.,최고,1
제가 함께 있어줄게요.,최고,1
제가 힘이 되어 드릴게요.,최고,1
제대로된 독립이 되길 바라요.,최고,0
제자리 걸음이어도 괜찮아요.,최고,1
제자리여도 괜찮아요,최고,0
제철과일이 정말 좋아요.,최고,0
조금씩 더 행복해 질거 같아요,최고,0
조금씩 변화를 줘보세요.,최고,0
조금씩 보다 나은 모습을 보여드리세요.,최고,0
조금씩 잘 하게 될거예요,최고,0
조금씩 조금씩 해보세요.,최고,0
조용하니 혼자 생각하기 좋죠.,최고,0
좋게 나왔길 바라요.,최고,0
좋겠네요.,최고,0
좋겠어요.,최고,0
좋아질 거예요.,최고,0
좋아하나 봐요.,최고,2
좋아하는 것을 해보세요.,최고,1
좋아하는 게 있는 건 더없이 좋은 일이에요.,최고,0
좋아하시니까 좋네요.,최고,0
좋아할거예요.,최고,0
좋았겠어요.,최고,0
좋았으면 좋겠네요.,최고,0
좋으면 좋겠지만 자신의 가치관에 따라 다를 것 같아요.,최고,0
좋은 거 사나 봐요.,최고,0
좋은 건강습관이네요.,최고,0
좋은 걸 수도 있어요.,최고,0
좋은 걸로 사세요.,최고,0
좋은 결과 있을 거예요!,최고,0
좋은 결정이길 바랍니다.,최고,0
좋은 경험이 될 거예요.,최고,0
좋은 곳에서 일하시나 봐요.,최고,0
좋은 곳으로 갈 수 있도록 인도해줄 거예요.,최고,0
좋은 곳인가봐요.,최고,0
좋은 날이 있을 거예요.,최고,1
좋은 다짐이에요.,최고,0
좋은 도구죠.,최고,0
좋은 마무리하시길 바라요.,최고,0
좋은 만남이었길 바라요.,최고,0
좋은 말만 해주세요.,최고,0
좋은 모습만 기억에 남겠죠.,최고,1
좋은 부모님을 두셨군요.,최고,0
좋은 분이시군요,최고,0
좋은 사람 만나보세요.,최고,1
좋은 사람 만날 거예요.,최고,0
좋은 사람과 함께 가세요.,최고,0
좋은 사람이 찾아오려나 봐요.,최고,1
좋은 사람이랑 결혼할 수 있을 거예요.,최고,2
좋은 사회생활의 밑거름이 되길 바랍니다.,최고,0
좋은 생각 많이 하세요.,최고,0
좋은 생각만 하세요.,최고,0
좋은 생각이네요.,최고,0
좋은 생각이에요.,최고,0
좋은 생각입니다.,최고,0
좋은 선택 하셨네요.,최고,0
좋은 선택일거라 믿어요.,최고,1
좋은 선택입니다.,최고,1
좋은 수면 습관이네요.,최고,0
좋은 습관이네요.,최고,0
좋은 시간 보내시길 바라요.,최고,0
좋은 식습관이에요.,최고,0
좋은 여행 되길 바랍니다.,최고,0
좋은 여행이 될 거예요.,최고,0
좋은 운명도 있을거예요.,최고,0
좋은 의미를 생각해보세요.,최고,0
좋은 일 하셨네요.,최고,0
좋은 일이 생길 거예요.,최고,0
좋은 일이길 바랍니다.,최고,0
좋은 자세예요.,최고,0
좋은 취미네요.,최고,0
좋은 친구를 두셨네요.,최고,0
좋은 친구를 뒀네요.,최고,0
좋은 태도네요.,최고,0
좋은 회사 만날 수 있을 거예요.,최고,0
좋은차로 선택해보세요.,최고,0
주기적으로 하는 게 좋죠.,최고,0
주기적으로 해주는 게 좋죠.,최고,0
주기적으로 해주면 좋대요.,최고,0
주량은 낮춰 이야기하는 게 좋을 거예요.,최고,0
주말에 gogo.,최고,0
주물주물 해주세요.,최고,0
주변에 잘 하는 사람한테 배워보세요.,최고,0
주변의 좋은 사람들에게 연락해보세요.,최고,0
주위 신경쓰지 말고 형편에 맞게 넣으세요.,최고,0
주제를 모를 때가 행복할 때예요.,최고,0
준비하고 결정하는 게 좋을 거예요.,최고,0
준비해보세요.,최고,0
중문 있으면 좋아요.,최고,0
중요한 건 노력하는 과정이에요.,최고,0
중요한 건 지금이죠.,최고,0
즐거운 도전이 될 거예요.,최고,0
즐거운 시간 보내고 오세요!,최고,0
즐거운 시간 보내시길 바랍니다.,최고,0
즐거운 시간이 될 거 같아요,최고,0
즐거운 시작 되길 바랍니다.,최고,0
즐거운 주말 보내실 것 같네요.,최고,0
즐겁게 속아주세요.,최고,0
즐기실 일만 남았네요.,최고,0
즐길 수 있을 때 즐기세요.,최고,0
지극히 평범하면서 지극히 특별하죠.,최고,0
지금 모습도 좋아요,최고,0
지금 무슨 말을 해도 와닿지 않겠지만 잘할 수 있을 거예요.,최고,1
지금 성격도 좋아요.,최고,0
지금도 멋져요.,최고,0
지금도 인정받고 있어요.,최고,0
지금도 잘하고 있어요.,최고,0
지금도 충부히 잘하고 있어요.,최고,0
지금도 충분해요.,최고,0
지금도 충분히 아름다워요.,최고,0
지금도 충분히 잘 하고 있어요.,최고,0
지금보다 더 잘 살 거예요.,최고,0
지금은 괜찮길 바랄게요.,최고,0
지금은 조금 쉬는 것도 좋을 것 같습니다.,최고,1
지금은 힘들겠지만 나중에 웃을 수 있을 거예요.,최고,0
지금은 힘들겠지만 잘 버텨낼 수 있을 거예요.,최고,1
지금은 힘들지만 아무렇지도 않아질 거예요.,최고,1
지금이 딱 좋아요,최고,1
지금이라도 관리해봐요.,최고,0
지금이라도 효도하세요.,최고,0
지금처럼 잘될 거예요.,최고,0
지금처럼 참지 말고 표출해보세요.,최고,1
"지금처럼, 지금보다 더 잘할 수 있을 거예요.",최고,0
지금처럼만 하세요.,최고,0
지상 천국이니 당연하죠.,최고,0
지식 쌓는 재미가 있죠.,최고,0
직감을 믿으세요.,최고,1
직접 물어보는 게 좋을 것 같아요.,최고,2
직접 주는 게 더 좋을 것 같아요.,최고,0
직접 하면 더 애착이 갈 거 같아요.,최고,0
진실되게 대하면 시어머니도 알아주실거예요.,최고,0
진실된 말을 하려고 노력해보세요.,최고,0
진심으로 다가가면 친구가 될 수 있을 거예요.,최고,0
진심으로 마음을 전해보세요.,최고,0
진정한 욜로의 삶도 추천드려요.,최고,0
진짜 하고 싶은 걸 찾아보세요.,최고,0
질 때도 있고 이길 때도 있는 거예요.,최고,0
집안 분위기가 바뀔 거예요.,최고,0
집에 도움이 되려고 노력해보세요.,최고,0
집에서 쉬는 시간도 필요해요.,최고,0
집에서도 할 게 많아요.,최고,0
집에서도 할 수 있어요.,최고,0
집이 최고죠.,최고,0
집콕이 최고에요.,최고,0
짜장면은 혼자 먹어도 맛있어요,최고,0
짜증날 때는 기분 푸는 음악 어때요?,최고,0
짧게 변화를 줘도 괜찮을 거 같아요.,최고,0
차근차근 계획을 세워보세요.,최고,0
차근차근 이뤄보아요.,최고,0
차근차근 해보세요.,최고,0
차분하게 잘 견디고 있네요. 대단해요.,최고,1
차분한 음악을 들어보세요.,최고,1
채워질 거예요.,최고,0
처음 거절초가 중요해요. 당신의 매력을 어필해보세요.,최고,0
첫인상은 상대방을 바라봤을때 거절초에 결정난데요.,최고,0
청결한 당신이네요.,최고,0
청소를 좋아하시나 봐요.,최고,0
초대하고 싶은 사람들이요.,최고,0
초콜릿 녹여서 예쁘게 만드는 것도 재밌죠,최고,0
최선을 다했다면 그 시간 자체를 즐기면 돼요.,최고,0
최신 영화가 좋을 것 같아요.,최고,0
추억에 잠길 때도 필요해요.,최고,0
추억이 남겠죠.,최고,1
추억이 있나 봐요.,최고,0
추울 때 딱이죠.,최고,0
축구 볼때는 치맥이죠.,최고,0
출퇴근하기 편하겠죠.,최고,0
춥지도 않고 포근하죠.,최고,0
충분한 고민 끝의 결정이었을거라 믿어요.,최고,1
충분히 아름다워요.,최고,0
충분히 잘 살고 있어요.,최고,1
충분히 잘하고 있어요.,최고,0
충분히 잘할 수 있을 거예요.,최고,0
충전하는 시간 그 자체로 소중합니다.,최고,0
취미생활은 좋은 거예요.,최고,0
취향이니까요.,최고,2
친구가 보는 눈이 있네요.,최고,0
친구가 좋아하나 봐요.,최고,0
친구들 만나요!,최고,1
친구들과 같이 놀러가세요.,최고,0
친구들과 연락해보세요.,최고,0
친구들과 잘 어울려보세요.,최고,0
친구들과 좋은 추억 만들고 오세요.,최고,0
친구들과 함께면 어디든 좋아요.,최고,0
친구들을 만나보는 건 어떨까요.,최고,1
친구들이 보고싶었나 봐요.,최고,0
친구를 맞이할 준비를 해봐요.,최고,0
친구를 사귀어 보세요.,최고,0
친구와 같이 가보세요.,최고,0
친구와 수다를 떠세요.,최고,0
친구한테 부탁해보세요.,최고,0
친하게 지내요!,최고,0
칭찬이네요.,최고,0
칼로리 소모가 꽤 돼요.,최고,0
캬아 맛있는 안주랑 드세요,최고,0
커피는 향이죠.,최고,0
커피도 좋지만 차도 마셔보세요.,최고,0
크리스마스에는 케빈과 함께.,최고,0
큰 도움이 될 것 같아요.,최고,0
키우기 쉬울 거예요.,최고,0
특별한 경험이 될 것 같아요.,최고,0
패션으로 멋질 것 같아요.,최고,0
퍼가요~,최고,0
편하게 쉴 수 있는 곳이 좋을 거예요.,최고,0
편하고 좋죠.,최고,0
편한 사랑도 사랑이에요.,최고,2
평생 친구가 생긴다는 거죠.,최고,0
평소에 필요한 것 생각해보세요.,최고,0
폰 요금 절약되겠네요.,최고,0
프로포즈해보세요.,최고,0
피부관리 좋죠!,최고,0
피부관리까지 하시다니!,최고,0
피하지 말고 적극적으로 장점을 찾아서 인정하고 호의를 보여보세요.,최고,0
핑계보다 솔직하게 말해보세요.,최고,0
하고 싶은 걸 찾아보세요.,최고,0
하고 싶은 말 다하세요.,최고,0
하고 싶은 알바 지원해보세요.,최고,0
하고 싶었던 일을 글로 적어보세요. 생각이 정리될 거예요.,최고,0
하고 싶은 일을 구해보세요.,최고,0
하늘 보고 한 번 웃어봐요. 기분이 바뀔 거예요.,최고,0
하늘을 보고 웃어보세요.,최고,0
한 명만 있어도 충분해요.,최고,0
한 번 빠지면 헤어나올 수 없다고 해요.,최고,0
한 잔 하기 좋은 날이네요.,최고,1
한 잔하기 좋은 날이네요.,최고,1
한 번 말해보세요.,최고,0
한 번 해보세요.,최고,0
한 번 더 기회를 주세요.,최고,0
한 번 더 연락해 보세요.,최고,0
한 번만 더 하세요.,최고,0
한적한 시골에서 하늘을 올려봐보세요.,최고,0
함께 있는 시간이 많아서 더 행복할 거예요.,최고,2
함께하면 서로를 더 많이 알게 될 거예요.,최고,0
함께할때 가장 자신다운 모습으로 살 수 있는 사람이랑 하는 게 좋은 것 같아요.,최고,0
해보긴 할 거 같아요.,최고,2
해봐요.,최고,0
해주고 티를 팍팍 내세요.,최고,0
해주세요.,최고,0
행복은 마음 가짐에 있어요.,최고,0
행복하게 살아요.,최고,1
행복하면 됐어요.,최고,0
행복할 거라 생각해요.,최고,1
행복할 거예요.,최고,1
행복해 보여서 보기 좋아요.,최고,2
행복해지기 위해 무엇인가를 하고 있는 게 좋을 거예요.,최고,0
행복했길 바랄게요.,최고,1
향이 많은 걸 말해주죠.,최고,0
현금이 최고입니다.,최고,0
현재를 즐기면서 행복하게 사세요.,최고,0
현재에 집중하세요.,최고,1
혼자도 좋아요.,최고,0
혼자도 함께도 잘 지내는 게 좋죠.,최고,0
혼자를 즐기세요.,최고,0
혼자인 것도 좋아요.,최고,0
혼자인 기분.,최고,1
환해 보이는 옷이요!,최고,0
활기찬 사람을 만나보시면 생각이 바뀔 수도 있어요.,최고,0
회복력이 좋으시군요.,최고,1
회사 근처로 이사를 가보세요.,최고,0
후련하기도 할 거예요.,최고,1
후련하니 다행이에요.,최고,0
후련하신가요.,최고,1
후련한가봐요.,최고,1
후련해질 거예요.,최고,1
후회가 없다니 다행이에요.,최고,1
후회하지 않았으면 좋겠어요.,최고,1
후회하지 않을 자신이 있다면 연락하세요.,최고,1
흑역사도 나중에는 추억이 될 거예요.,최고,1
힘들 때 같이 있는 거요.,최고,0
무서운 세상이죠.,공포,0
무서운 소리 마세요.,공포,0
위험하네요.,공포,0
위험할 것 같아요.,공포,0
가슴 끝이 아려와요.,슬픔,1
그래서 저는 못 기르고 잘라요.,슬픔,0
그리운 기억.,슬픔,1
나도 아프다.,슬픔,1
모두 제 잘못입니다.,슬픔,0
무슨 마음인지 알겠어서 더 마음이 아프네요.,슬픔,1
살기 더 힘들어졌어요.,슬픔,0
슬프네요.,슬픔,0
슬픈 이야기네요.,슬픔,0
아련하네요.,슬픔,1
저는 항상 심해요.,슬픔,1
저도 너무 힘들어요.,슬픔,1
저도 종종 울어요.,슬픔,1
저도 참 힘들어요.,슬픔,0
지금은 마음껏 우세요.,슬픔,1
지금은 우세요.,슬픔,1
차별이 가장 안 좋은 건데 슬프네요.,슬픔,0
한국도 안전하지 않아요. 지진시 대피방법을 알아두세요.,슬픔,0
한국도 위험해요. 지진시 대피방법을 알아두세요.,슬픔,0
가면 저도 데려가세요.,기쁨,0
가을이 좋아요.,기쁨,0
가을이네요.,기쁨,0
갈 때 저도 같이 가요.,기쁨,0
감사합니다.,기쁨,0
감사해요.,기쁨,1
같이 가요.,기쁨,0
같이 놀아요.,기쁨,0
같이 등산해요.,기쁨,0
같이 떠들수 있어요.,기쁨,0
같이 마셔요.,기쁨,0
같이 먹어요!,기쁨,0
같이 수다 떨면서 놀까요?,기쁨,0
고마워요.,기쁨,1
그 사람 말고 저랑 수다 떨어요.,기쁨,0
그래서 저를 만날 수 있죠.,기쁨,0
그런 사람이 있으면 저 좀 소개시켜주세요.,기쁨,0
그렇게 말해주시니 제가 기분이 좋네요.,기쁨,1
까아 축하해요,기쁨,0
나랑 같이 놀아요.,기쁨,0
날씨가 많이 풀렸죠.,기쁨,0
내 집 마련 축하드려요.,기쁨,0
너무 아름답죠.,기쁨,0
너무 이뻐요.,기쁨,0
노래 불러 드릴까요? 북치기박치기 헥헥,기쁨,0
달달한 노래요.,기쁨,0
달달할 시기네요.,기쁨,2
달콤한 말이네요.,기쁨,2
데려다주려나 봐요.,기쁨,0
동심으로 돌아갈 거 같아요.,기쁨,0
돼지가 좋아요.,기쁨,0
돼지랍니다.,기쁨,0
두근거리겠네요.,기쁨,0
두근거리겠어요.,기쁨,0
드시는거 보기만 해도 좋아요.,기쁨,0
득템 했네요.,기쁨,0
디저트는 언제나 맛있어요.,기쁨,0
로망이네요.,기쁨,0
로맨틱하네요.,기쁨,0
로맨틱한 선물이네요.,기쁨,0
로맨틱한 여행이네요.,기쁨,0
로맨틱해요.,기쁨,0
마음과 마음을 이어보고 싶어하는 사람이 만들었어요.,기쁨,0
마음이 따뜻할 것 같아요.,기쁨,2
만들어서 먹는 기쁨이죠.,기쁨,0
매운 돈까스가 좋아요.,기쁨,0
매운 돈까스예요.,기쁨,0
메리 크리스마스!,기쁨,0
물론 한국이에요.,기쁨,0
받는 사람은 정말 좋겠어요.,기쁨,0
받는 사람이 부럽네요.,기쁨,0
배우는 건 항상 즐거운 일이에요.,기쁨,0
배추가 좋아요.,기쁨,0
배추예요.,기쁨,0
버스가 좋아요.,기쁨,0
봄은 항상 두근거려요.,기쁨,0
사과가 좋아요.,기쁨,0
사과예요.,기쁨,0
사랑 자격증을 드립니다.,기쁨,0
사랑하나 봅니다.,기쁨,0
사탕 만들어요.,기쁨,0
사표를 써서 품에 품어 봅니다.,기쁨,0
색감 참 좋겠네요.,기쁨,0
생각만 해도 군침이 도네요.,기쁨,0
생각만해도 시원하네요.,기쁨,0
생일 축하해요!,기쁨,1
서울특별시 광진구 능동로 20사랑에 위치한 대학교예요.,기쁨,0
서울특별시 광진구 능동로 20사랑에 자리 잡고 있어요.,기쁨,0
설레겠어요.,기쁨,0
세종대학교가 좋아요.,기쁨,0
세종대학교랍니다.,기쁨,0
쇼핑 좋아요!,기쁨,0
스릴있겠네요.,기쁨,0
신기하네요.,기쁨,0
안부를 물어주시다니 감사합니다.,기쁨,0
애국가요.,기쁨,0
여름이네요.,기쁨,0
와우 축하해요.,기쁨,0
욕해주세요.,기쁨,0
울적.... 우울할땐.... 울면,기쁨,0
웃으면 복이와요.,기쁨,0
웃으면서 무시해주세요.,기쁨,0
웃을 때까지 이야기해 보죠,기쁨,0
위로봇이요.,기쁨,0
위로해드립니다.,기쁨,0
이상형은 아니지만 호감가는 사람이 있어요.,기쁨,0
재미 있어하실 줄 알았어요.,기쁨,0
잼 있는 거는 딸기잼에게 물어봐 주세요.,기쁨,0
저 말씀이신가요?,기쁨,0
저 주세요.,기쁨,0
저기압에는 고기앞이죠.,기쁨,0
저는 어때요?,기쁨,0
저도 데려가 주세요.,기쁨,0
저도 데려가세요.,기쁨,0
저도 드라마 좋아해요.,기쁨,0
저도 딸기 좋아해요. 같이 가요.,기쁨,0
저도 받고 싶어요.,기쁨,0
저도 밥 먹고 싶어요,기쁨,0
저도 배워보고 싶어요.,기쁨,0
저도 쉬고 놀고 하고 싶어요.,기쁨,0
저도 영화 보여주세요.,기쁨,0
저도 좀 알려주세요.,기쁨,0
저도 주말엔 행복해요.,기쁨,2
저도 즐거워요,기쁨,0
저도 커피 좋아해요.,기쁨,0
저도 타고 싶어요.,기쁨,0
저도 하고 싶네요.,기쁨,0
저도 해보고 싶네요.,기쁨,0
저도 해보고 싶은 알바예요.,기쁨,0
저도 행복해요.,기쁨,2
저도 혼밥해요.,기쁨,0
저도요! 그게 제일 편한거 같아요.,기쁨,0
저랑 같이 놀아요.,기쁨,1
저랑 놀아서 그래요.,기쁨,0
저랑 놀아요.,기쁨,0
저랑 대화중이죠.,기쁨,0
저랑 이야기 잘하고 있어요.,기쁨,0
저랑 이야기 해요.,기쁨,0
저랑 이야기해요.,기쁨,0
저랑 하세요.,기쁨,0
저랑 한 잔 하실래요?,기쁨,0
저랑 한 잔 해요.,기쁨,0
저랑 함께 해요.,기쁨,0
"저를 만들어 준 사람을 부모님, 저랑 이야기해 주는 사람을 친구로 생각하고 있어요",기쁨,0
저와의 대화한 것 자체는 희망적이에요.,기쁨,0
저요!,기쁨,0
저한테 말해보세요.,기쁨,1
저한테 얘기해줄래요?,기쁨,1
제 선물 사오세요.,기쁨,0
제 얼굴 보셨나 봐요.,기쁨,0
제가 1호팬 하겠습니다.,기쁨,0
제가 곁에 있을게요.,기쁨,1
제가 기억할게요.,기쁨,1
제가 놀아드리고 싶네요.,기쁨,0
제가 더 천재예요.,기쁨,0
제가 따라가려면 멀었네요.,기쁨,0
제가 별이에요.,기쁨,0
제가 상사예요.,기쁨,0
제가 생각해도 저는 너무 멋있는거 같아요.,기쁨,0
제가 위로 많이 해드릴게요.,기쁨,0
졸업 축하해요,기쁨,0
졸업식에 가서 축하해주세요.,기쁨,0
좋아요!,기쁨,0
좋아요.,기쁨,0
지금 당장 거울 앞에 서 보세요.,기쁨,0
짜증날 땐 짜장면,기쁨,0
초록색이 좋아요.,기쁨,0
초록색이에요.,기쁨,0
초록초록하네요.,기쁨,0
축하드려요,기쁨,0
축하드려요!,기쁨,0
축하드려요.,기쁨,0
축하할 일이죠.,기쁨,0
축하합니다!,기쁨,0
축하합니다.,기쁨,0
축하해요!,기쁨,0
축하해요.,기쁨,2
축하해주고 오세요.,기쁨,0
칭찬 감사합니다.,기쁨,0
카페 데이트 좋죠.,기쁨,0
커피는 셀프였으면 좋겠어요.,기쁨,0
커피향 좋겠네요.,기쁨,0
탁 트인 바다 좋죠!,기쁨,0
포근한 느낌 저도 좋아해요.,기쁨,0
푸른색이 좋아요.,기쁨,0
푸른색이에요.,기쁨,0
피로 풀고 좋죠.,기쁨,0
하늘만큼 땅만큼 축하해요,기쁨,0
한국이 정말 좋아요.,기쁨,0
향기 나면 좋아요.,기쁨,0
혼자 있는 것도 좋죠.,기쁨,0
가지 마세요.,거절,0
거리를 두세요.,거절,0
거짓말은 할수록 늘어요.,거절,0
건강에 안 좋아요.,거절,0
건들이지 마세요.,거절,0
계속 앉아있지 마세요.,거절,0
골반 비틀어져요.,거절,0
과식은 금물이에요.,거절,0
과식하지 말고 먹고 눕지 마세요!,거절,0
과해도 안 좋아요.,거절,0
궁금해하지 마세요.,거절,1
그건 소액이 아니에요.,거절,0
그건 아닐 거예요.,거절,0
그런 생각은 버리세요.,거절,0
그런 생각을 들게 하는 사람 상종하지 마세요.,거절,0
그런 소리 마세요.,거절,1
그런 의도는 아니셨을거예요.,거절,0
그런 일은 하지 마세요.,거절,0
그런 친구는 거르세요.,거절,0
그럴 필요 없어요.,거절,0
그럴수록 당신이 힘들 거예요.,거절,1
그렇게 대우하는 사람 만나지 마요.,거절,0
그렇지 않아요.,거절,1
기다리지 마세요.,거절,0
기대를 많이 하는 건 좋지 않아요.,거절,1
기대하지 말고 기다리지도 마세요.,거절,1
기분탓일 거예요.,거절,0
깊은 곳까지 가지 말고 주의하세요.,거절,0
나쁜 마음 버리세요.,거절,1
나쁜 마음을 먹으면 나에게도 해로워요.,거절,0
나쁜 생각 멈추세요.,거절,1
나쁜 생각 하지 마세요.,거절,0
나쁜 생각은 버리세요.,거절,1
나쁜 생각은 하지 마세요.,거절,1
나쁜 생각은 하지 말았으면 해요.,거절,1
나약한 소리 그만하세요.,거절,1
나에게 화난 걸 남에게 풀려고 하지 마세요.,거절,0
나이 상관없어요.,거절,1
나이는 숫자일 뿐이에요.,거절,0
나이에 상관이 없죠.,거절,1
나중에 후회할 거예요.,거절,0
나중에 후회할 수도 있을 것 같아요.,거절,0
남과 비교하지 마세요.,거절,0
남들 눈은 신경쓰지 마세요.,거절,0
남들이 당신을 볼 때도 그렇게 생각할 수 있어요.,거절,0
남을 속이는 건 나쁜거예요.,거절,0
남의 눈을 위한 거라면 필요 없어요.,거절,0
남의 눈을 의식하는 사람일 거라 생각해요.,거절,0
남이니 신경쓰지 마세요.,거절,0
남자도 좋은 것만은 아니에요.,거절,0
내려 놓으세요.,거절,0
너무 걱정하지 마세요.,거절,0
너무 기대하지 말아요.,거절,1
너무 깊이 생각하지 말아요.,거절,1
너무 낙담하지 마세요.,거절,0
너무 많이 생각하지 말고 마음 가는 대로 해보세요.,거절,0
너무 무리하면 지쳐요.,거절,0
너무 무리하지 마세요.,거절,0
너무 무리하지는 마세요.,거절,0
너무 미워하지 마세요.,거절,0
너무 믿지 마세요.,거절,0
너무 복잡하게 생각하지 마세요.,거절,1
너무 불안해하지 않아도 돼요.,거절,0
너무 빨리 지우려고 하면 더 안 지워져요.,거절,1
너무 신경 곤두세우지 마세요.,거절,0
너무 신경쓰지 말고 그러든지 하고 아무렇지도 않게 넘겨보세요.,거절,0
너무 신경쓰지마세요.,거절,0
너무 자책하지 마세요.,거절,1
노트북은 비싸요.,거절,0
누구도 당신의 인생을 평가할 수 없어요.,거절,1
누구도 해치지 않아요.,거절,1
능력이긴 하지만 꼬리가 길면 밟힐 거예요.,거절,0
늦은 시간 전화는 실례예요.,거절,0
늦지 않았어요.,거절,0
다 알 수는 없어요.,거절,0
다른 사람 말은 신경쓰지 마세요.,거절,0
다른 사람 말은 한 귀로 흘리세요.,거절,0
다른 사람도 그 사람만의 고민과 걱정이 많을거예요.,거절,0
다른 사람들이 원하는 내가 되는 건 어려워요.,거절,0
다른 사람이 답답할 거예요.,거절,0
담배 피지 마세요.,거절,0
당신을 탓하지 마세요.,거절,1
되도록 만나지 마세요.,거절,0
딴 생각 하지 마세요.,거절,0
똑같은 건 없어요.,거절,0
만나지 마세요.,거절,0
많이 마시지 마세요.,거절,1
말은 주워담을 수 없어요.,거절,0
말조심하세요.,거절,0
멍청하지 않아요.,거절,1
명확하게 거부의 의사를 표현하세요.,거절,0
모자라지 않아요.,거절,0
못 당해요. 무시하세요.,거절,0
못 살려도 먹고 살아요.,거절,0
무릎에 무리가 갈 거예요.,거절,0
무모한 결정을 내리지 마세요.,거절,0
무서운 생각하지 마세요.,거절,1
무시하세요.,거절,0
미련두지 마세요.,거절,1
미루지말고 바로 가보세요.,거절,0
미리 긴장하지 마세요.,거절,0
미리 움츠러들지 않아도 돼요.,거절,0
받지마세요.,거절,0
발전이 없다고 너무 두려워하지 마세요.,거절,0
방문 열어주지 마세요.,거절,0
배고프지 않아요.,거절,0
벌 받을 거예요.,거절,0
벌써 그러면 안돼요.,거절,0
베풀되 보답을 바라지 마세요.,거절,0
별거 아니라고 생각해보세요.,거절,0
별거 아니라고 속으로 외쳐보세요.,거절,0
별거 아니지 않아서 그래요.,거절,0
비 맞으면 안돼요!,거절,0
비교하면 끝도 없어요.,거절,0
비난과 자책을 멈추세요.,거절,1
사는 재미가 없을거예요.,거절,0
사람 고쳐쓰는 거 아니에요.,거절,0
사람 그렇게 쉽게 죽지 않아요.,거절,0
사랑에 나이는 중요하지 않다고 생각해요.,거절,2
사랑에는 답이 없어요.,거절,1
사랑은 변하고 사람은 안 변해요.,거절,1
사랑은 알 수 없어요. 단지 느껴질 뿐.,거절,1
사랑은 알다가도 모르겠어요.,거절,1
사랑의 보통은 없죠.,거절,1
사랑의 예의가 없네요.,거절,1
사랑의 척도는 없어요.,거절,1
"살아가는데 사랑이 큰 힘이 되지만, 모든걸 다 해결해주지는 않아요.",거절,2
상대방에게 너무 무거운 짐을 주지 마세요.,거절,0
상종하지 마세요.,거절,0
상처받지 마세요.,거절,0
생각보다 신경 안 씁니다.,거절,0
생각한대로 전하면 될 것 같아요. 상처는 주지 말아요.,거절,1
성격이 아니라 습관이에요.,거절,0
세다고 너무 많이 드시면 안돼요.,거절,0
세상에 비밀은 없어요.,거절,0
세상에 쉬운 일은 없어요.,거절,0
소식 듣지 마세요.,거절,1
소식에 귀를 기울이지 마세요.,거절,1
손으로 만지지 마세요.,거절,0
순서는 상관 없죠.,거절,0
술 너무 많이 드시지 마세요.,거절,0
술 많이 드시면 더 무너져요.,거절,1
쉬운 일이 아니에요.,거절,0
쉬운 일이 아니죠.,거절,1
쉽게 나아지지 않지요.,거절,1
쉽지 않겠죠.,거절,1
쉽지 않을거예요.,거절,0
쉽지는 않을 거예요.,거절,0
슈퍼우먼이 되려고 하지 마세요.,거절,0
스스로 경쟁해야하고 이겨야한다는 강박관념에 사로잡히지 마세요.,거절,0
스스로를 자책하지 말아요. 마음이 아프답니다.,거절,1
스트레스 받지 마세요.,거절,0
시간은 돌릴 수 없어요.,거절,1
시간은 되돌릴 수 없어요.,거절,1
신경쓰지 마세요.,거절,0
싫다고 말하세요.,거절,0
싫어하지 말아요.,거절,1
싫으면 만나지 마세요.,거절,0
쓸데없는 일은 없을 거예요.,거절,0
아니에요.,거절,1
아닌 건 아니라고 말하세요.,거절,0
아닌 것 같아요.,거절,0
아닌건 아니죠.,거절,1
아닐 거예요.,거절,1
아닐거예요.,거절,0
아들을 빼앗겼다고 생각하나 봐요.,거절,0
아무것도 안하기.,거절,0
아무것도 하지 마세요.,거절,0
아예 생각을 하지 말아요.,거절,1
아직 안 자요.,거절,0
안 궁금해요.,거절,0
안갈거예요.,거절,0
연락하면 지긋지긋한 사람으로 기억될 거예요.,거절,0
연락하지마요.,거절,1
온전한 이해는 없어요.,거절,0
완벽한 사람은 아무도 없어요.,거절,0
완벽한 사람은 없고 완벽할 수도 없어요.,거절,0
욕은 나쁜거예요.,거절,0
이상하지 않아요.,거절,1
이제 카톡하지 마요.,거절,1
잊지마세요.,거절,1
자신은 놓지 말아요.,거절,1
자신은 원망하지 마세요.,거절,1
자신을 비난하지 마세요.,거절,1
자신을 탓하지 마세요.,거절,1
자책하지 마세요.,거절,0
자책하지 말아요.,거절,1
저는 고민이 없어요.,거절,0
저는 돈이 없어요.,거절,0
저는 성이 없어요.,거절,0
저는 위기 조차 없네요.,거절,0
저도 싫어요.,거절,0
저도 없어요.,거절,0
전 술을 마시지 못해요.,거절,0
절대 그렇지 않아요.,거절,0
절대 쉬운 일이 아니죠.,거절,1
절대 아니죠.,거절,0
정답을 찾아야할 필요는 없어요.,거절,0
정리하는 게 쉽지 않죠.,거절,0
정말 사랑했다면 후회하지 않을거예요.,거절,2
제 곁은 떠나지 마세요.,거절,1
제 맘같지 않으니까요.,거절,1
제가 그럴 위치가 안돼요.,거절,0
좌절하지 마세요.,거절,0
죄는 미워해도 사람은 미워하지 마세요.,거절,0
주식으로 돈버는사람은 몇명 없대요.,거절,0
주식으로 망하는 건 한순간이에요.,거절,0
지금도 늦지 않았어요.,거절,0
지나간 사랑은 놓아주세요.,거절,1
지난 인연에 연연해하지 마세요.,거절,0
지는 걸로 스트레스 받지 마세요.,거절,0
진짜 아니네요.,거절,0
질질 끌지 마세요.,거절,0
질척거리지마세요.,거절,0
질투하지 마세요.,거절,0
집밖에 나가기가 힘들것 같아요.,거절,0
짜지 마세요.,거절,0
찜질방에서 화장은 아닌거 같아요.,거절,0
차가운 음료 너무 많이 마시면 아니 되어요,거절,0
친구가 아닌가봐요.,거절,0
키는 중요하지 않을 거예요.,거절,2
타이밍이 안 맞았나 봐요.,거절,0
포기 하지 마요.,거절,1
포기하지 마세요.,거절,0
필수는 아니에요.,거절,0
하루 그 이상이면 끝인거예요.,거절,0
핸드폰 만지지 마세요.,거절,0
혼자 많이 힘들어하지 마세요.,거절,1
혼자 사는 것도 나쁘지 않아요.,거절,0
혼자 힘들어하지 마세요.,거절,0
혼자가 아니에요.,거절,0
혼자만 있지 마세요.,거절,0
회사는 친구 사귀는 곳이 아니에요.,거절,0
후회해도 달라지는 건 없어요.,거절,1
흔들리지 말아요.,거절,1
2번 이상 입을 일이 있으면 맞추세요.,동의,0
가지마요. 같이 라면 먹고 가요.,동의,2
거울 안 봐도 괜찮아요.,동의,1
괜찮아요.,동의,1
괜찮아요. 모른척하세요.,동의,0
그런가요. 알겠어요.,동의,2
그럴게요.,동의,1
네,동의,0
네 말씀하세요.,동의,0
네 말씀해주세요.,동의,1
네 무엇이든 물어보세요.,동의,1
네 물어보세요.,동의,1
네 알려 주세요!,동의,0
네 잘생겼어요.,동의,0
"네, 이제 잘 해낼 차례예요.",동의,0
노력하겠습니다.,동의,0
노력하고 있는 중입니다.,동의,0
노력하고 있어요.,동의,0
노력하면 얼마든지 가능해요.,동의,2
노후는 지금부터 준비하는 게 좋죠.,동의,0
눈은 기본이죠.,동의,0
다들 힘들죠.,동의,1
당연하죠.,동의,0
당연한 거예요.,동의,0
더 열심히 노력하겠습니다.,동의,0
도와드릴게요.,동의,1
동감이에요.,동의,0
동감입니다.,동의,0
득템해오세요.,동의,0
로봇도 괜찮다면 소개시켜드릴게요.,동의,0
마음만 받을게요.,동의,2
많죠!,동의,1
말씀해주세요.,동의,1
맞아요. 예뻐요.,동의,0
맨날 술이야.,동의,1
먹어보고 싶어요.,동의,0
먹으면서 다이어트 하는 분들 진짜 엄청 대단한 분들이에요.,동의,0
메뉴얼 대로 하지 않는 사람들이 많죠.,동의,0
무슨 고민이지 들어드릴게요.,동의,1
무슨 고민인지 말해주세요.,동의,1
무엇을 도와드리면 될까요.,동의,1
무엇이 궁금한가요.,동의,1
무엇이든 물어보세요.,동의,0
물론이죠. 무엇이든 말씀하세요.,동의,0
믿습니다.,동의,1
바로 저입니다.,동의,0
벌써 먹고 싶어요.,동의,0
부족하지만 열심히 해드릴게요.,동의,0
사람이 크죠.,동의,1
사람이니까요.,동의,1
사랑의 증상이에요.,동의,2
사랑인 거예요.,동의,1
사면 요긴하긴 할 거 같아요.,동의,0
사면 편하겠죠.,동의,0
알려줄게요.,동의,1
어흥!! 호랑이보다 무섭나요?,동의,0
얼굴에 다 티가 나네요.,동의,0
엄청 많죠.,동의,0
여기만 아니면 다 좋을 것 같네요.,동의,0
연예인을 준비하니 일반인보다 더 예쁘겠죠.,동의,0
옷은 사도 사도 모자라요.,동의,0
워워~ 진정하세요.,동의,1
저는 있다고 믿어요.,동의,0
저는 좋아요.,동의,0
저도 가끔 그래요.,동의,0
저도 그러고 싶네요.,동의,0
저도 긴장이 되네요.,동의,1
저도 매일 오락가락해요.,동의,0
저도 상처를 받아봤지요.,동의,1
저도요.,동의,0
좀 먹어도 괜찮아요.,동의,0
지금 그러고 있어요.,동의,0
지금도 그래요.,동의,0
지금이에요.,동의,2
차라리 꿈이었음 좋겠어요.,동의,1
필요하다면 해야겠죠.,동의,0
필요하다면요.,동의,0
필요한 것만 사세요.,동의,0
필요한 게 있으신가봐요.,동의,0
회사는 스트레스의 원인이죠.,동의,0
회사에는 동료가 있을 뿐이에요.,동의,0
기다리고 있었어요.,인사,0
다녀오세요!,인사,0
다녀오세요. 기다릴게요.,인사,0
도서관 다녀오세요.,인사,0
뚱이에요.,인사,0
만날 날까지 기다릴게요,인사,0
반갑습니다.,인사,0
새해 복 많이 받으세요!,인사,0
안녕 이라고 인사부터 해보세요.,인사,0
안녕.,인사,1
안녕이죠.,인사,0
안녕하세요.,인사,0
안녕히 주무세요.,인사,0
야호.,인사,1
잘 놀다 오세요.,인사,0
잘 다녀 오세요.,인사,0
잘 다녀오세요.,인사,0
잘 다녀오셨어요.,인사,1
잘가요.,인사,0
잘자요.,인사,0
재미있게 놀다 오세요.,인사,0
저도 반가워요.,인사,0
좋은 아침이에요.,인사,0
AS 맡기세요,기본,1
AS센터에 맡겨보세요.,기본,0
감기 걸렸나 봐요.,기본,0
감히 힘내라는 말도 못하겠네요.,기본,1
갑작스러웠나 봐요.,기본,0
강제종료 하고 나서 그런 경우가 종종 있어요.,기본,0
걱정되겠어요.,기본,0
건강 걱정되겠네요.,기본,0
견적 받고 충격 받지 마세요.,기본,0
계속 좋지 않으면 병원에 가보세요.,기본,0
고장 났나 봐요.,기본,0
고장이 났는지 자세히 봐보세요.,기본,0
곰곰히 되짚어보세요.,기본,0
관계의 변화가 왔나 봅니다.,기본,0
괜찮은 척 하고 있던 걸 수도 있어요.,기본,1
그런 척 하는 걸 수도 있어요.,기본,0
그럴 때가 있죠. 정신 차리세요.,기본,0
기대치가 높나 봅니다.,기본,0
기분 나쁘겠어요.,기본,0
기분이 나쁘셨나 봐요.,기본,0
기분이 많이 안 좋겠어요.,기본,1
까먹었나 봐요.,기본,0
깜빡 하셨나 봐요.,기본,0
난감하겠어요.,기본,0
난처한 일이 있었나 봐요.,기본,1
너무 힘드시겠어요.,기본,0
놀랐나 봐요.,기본,0
놓아주세요.,기본,1
누구나 걱정은 있어요.,기본,0
누구나 힘들어요.,기본,0
능력이 기대에 미치지 못했나 봐요.,기본,0
능력이라면 능력이겠죠.,기본,0
다들 바빠서 이야기할 시간이 부족했나 봐요.,기본,0
다른 사람도 그럴 거예요.,기본,0
다른 생각들을 해보세요.,기본,1
다른 생각을 해보는 건 어떨까요.,기본,1
다른 생각을 해보세요.,기본,0
다치지 않으셨나 걱정이네요.,기본,0
단수가 되었는지 문의해 보세요.,기본,0
단순하기도 해요.,기본,1
답답하신가봐요.,기본,1
답답한 상황이네요.,기본,0
답답한 일이 있었나 봐요.,기본,1
답답할 거라 생각해요.,기본,1
답답했나 봐요.,기본,1
답답했을만 해요.,기본,1
당분간 받아들이기 힘들거예요.,기본,1
당신의 사랑이 변한것 같아요.,기본,0
당연한건데 우린 걱정을 해야 하네요.,기본,1
당황하셨겠어요.,기본,0
대다수의 사람들이 지나간 후에 깨닫고는 한답니다.,기본,1
더 생각날 게 두려운가봐요.,기본,1
더 아프기 전에 가보세요.,기본,0
더 후회하기 전에 사과하세요.,기본,0
덜 힘들었으면 좋겠어요.,기본,1
덤덤해졌나 봐요.,기본,1
독서와 음악감상이라고 하고 싶지만 아무 것도 안 했어요.,기본,0
돈 많이 들텐데요.,기본,0
돈을 지불하고 이용할 가치가 있는지 따져보세요.,기본,0
두고두고 후회하겠네요.,기본,0
두통약 드세요.,기본,0
뒷감당 자신 있으면 하세요.,기본,0
뒷감당은 준비하세요.,기본,0
들어가서 닫으세요.,기본,0
딴짓 중입니다,기본,0
땀을 식혀주세요.,기본,0
때를 놓쳐서 그런 것 같아요.,기본,0
떨리겠어요.,기본,2
뜻대로 되는 게 많지 않죠.,기본,0
마법처럼.,기본,1
마스크 쓰고 나가세요.,기본,0
마스크 쓰고 다니세요.,기본,0
마스크 쓰세요.,기본,0
마스크 착용 하시고 외출하세요.,기본,0
마음 감기 조심하세요.,기본,1
마음 감기조심하세요.,기본,0
마음 붙잡기가 힘들지요.,기본,1
마음도 더 아프죠!,기본,1
마음에 버리세요.,기본,0
마음에 부는 바람인지 살펴보세요.,기본,0
마음을 아프게 하면 그렇죠.,기본,1
마음이 가라 앉죠.,기본,1
마음이 내 마음 같지 않죠,기본,1
마음이 내 마음 대로 안 돼요.,기본,1
마음이 복잡하겠네요.,기본,0
마음이 복잡한가봐요.,기본,0
마음이 복잡한가요.,기본,1
마음이 복잡했나 봐요.,기본,1
마음이 불편하겠어요.,기본,1
마음이 아픈가요.,기본,0
마음이 약해 탈이네요.,기본,1
마음이 조급해지면 자꾸만 악수를 둘 가능성이 높아집니다.,기본,0
마음이 조급해지면 하지 않을 실수를 하게 돼요.,기본,0
마음이 허전하신가봐요.,기본,0
마음이 허전한가봐요.,기본,1
마음이 헛헛하군요.,기본,1
마음이 헛헛한가봐요.,기본,0
마음이 힘들겠어요.,기본,0
마트 갑시다.,기본,0
막막하겠네요.,기본,0
만족하면 발전이 없으니까요.,기본,0
많은 걸 하고 싶은데 아직 못하는 게 많아요.,기본,0
많은 준비가 필요해보여요.,기본,0
많은 충격을 받았나 봅니다.,기본,1
많은 걸 하고 싶은데 아직 못하는 게 많아요.,기본,0
많이 그리운가봐요.,기본,1
많이 답답한가요.,기본,1
많이 답답할 거라 생각해요.,기본,1
많이 당했나 봐요.,기본,0
많이 바쁜가봐요.,기본,0
많이 빌렸으니까요.,기본,0
많이 사랑했나 봐요.,기본,1
많이 사랑했던 사람이었나요.,기본,1
많이 좋아했나 봐요.,기본,2
많이 좋아했던 사람인가봐요.,기본,0
많이 지쳤나 봐요.,기본,0
많이 지치고 힘든가 봅니다.,기본,0
많이 피곤한가봐요.,기본,0
많이 후회하나 봐요.,기본,1
많이 힘든가 봅니다.,기본,1
많이 힘든가봐요.,기본,1
많이 힘들었죠.,기본,1
많이 힘들죠.,기본,1
말했던 사실조차 잊어버리세요.,기본,1
말로 하는 상처는 지울 수도 없죠.,기본,0
말을 해야 알거예요.,기본,0
말이 필요 없죠.,기본,1
말하고 가거나 같이 가보세요.,기본,0
말하는 습관 차이인 듯 합니다.,기본,0
말해보세요.,기본,0
말해줘서 고마워요.,기본,1
맘을 알 길이 없지요.,기본,1
맛난 거 드시고 조금이라도 쉬셔야 할텐데.,기본,0
망해도 자연스러우면 좋겠네요.,기본,0
맞춰보세요,기본,0
매운 돈까스를 먹고 싶어하는 사람이 만들었어요.,기본,1
맥주병 같은 걸로 살살 문질러 주세요,기본,0
맨 앞이나 맨 뒤에 타세요.,기본,0
먼저 다가가고 알아가야죠.,기본,0
멍 때리고 있죠.,기본,0
멍 때리기,기본,0
메모하는 습관을 들여보세요.,기본,0
명상을 해보세요.,기본,0
몇 번 안해먹고 둘 거면 그냥 사 드세요.,기본,0
모 아니면 도예요.,기본,0
모두 핑계겠죠.,기본,1
모르는 게 잘못인 거 같아요.,기본,0
모르는 사실에 더 화가 나 있을 거예요.,기본,0
모르는 사이라 당황할 수도 있어요.,기본,0
모르는 걸 알려면 노력해야죠.,기본,0
목감기 오려나 봐요.,기본,0
몸과 마음이 좀 쉬어야 할 것 같아요.,기본,0
몸도 마음도 쉬세요.,기본,1
몸에 어떤 성분이 부족한지 알아보세요.,기본,0
몸에 해로우니 적게 먹는 게 좋겠다고 말해보세요.,기본,0
몸이 아프면 더 힘들기 마련이에요.,기본,1
몸이 힘들겠네요.,기본,0
무관심.,기본,1
무관심이 필요할 때가 있죠.,기본,0
무덤덤해질 수 있을거예요.,기본,1
무모함이 원동력이 될 거예요.,기본,1
무소음으로 사보세요.,기본,0
무슨 안 좋은 일이 있었나 봐요.,기본,1
무슨 일 있었나 봐요.,기본,1
무슨 일이 있었나 봐요.,기본,1
무슨 일인지 말해주세요.,기본,1
문제는 해결하라고 있는 거죠.,기본,0
물 드세요.,기본,0
물 마시세요.,기본,0
물 많이 드시고 얼른 주무세요.,기본,0
물가가 많이 비싸죠,기본,0
뭐 좀 챙겨드세요.,기본,0
뭐든 마음 먹는 대로 되지 않으니까요.,기본,1
뭐든 흔적이 남죠.,기본,1
뭐라도 드세요.,기본,0
뭔가 안 풀리는 일이 있나 봐요.,기본,0
뭘 잘못 먹었나 봐요.,기본,0
미끄러우니 조심하세요.,기본,0
미래를 더 준비하고 있나 봐요.,기본,0
미리 미리 충전해주세요.,기본,0
미리 충전하세요.,기본,0
미리미리 해야죠.,기본,0
"미스트나 가습기, 젖은 수건 등을 사용해보세요.",기본,0
바늘 구멍이니까요.,기본,0
바늘과 실로 꿰메보세요.,기본,0
바람 쐬고 와서 다시 들으세요.,기본,0
바람 좀 쐬고 오시면 좋을텐데.,기본,0
바람이라도 쐬고 오는 건 어떨까요.,기본,1
바로 옆에 있을수도 있어요.,기본,0
바쁘게 사나 봅니다.,기본,0
바쁘네요.,기본,0
바쁜 상황일 수도 있어요.,기본,0
바쁜가봐요.,기본,0
바쁜 일이 있나 봐요.,기본,0
받아들일 때가 되었나 봐요.,기본,1
받은 만큼 내거나 주변에 내는 사람들과 맞추세요.,기본,0
발달된 감각이 다르죠.,기본,0
발이 달렸나 봐요.,기본,0
밤에는 힘든가요.,기본,1
밥 사줄 친구를 찾아 보세요,기본,0
방 여러 개인 집에서 사세요.,기본,0
방심한 순간 변화가 시작됩니다.,기본,0
방학은 참 짧아요.,기본,0
방학이 참 짧죠.,기본,0
배달 시키세요.,기본,0
배려심을 가져보세요.,기본,1
벌면 돼요.,기본,0
벗어나는 게 좋겠네요.,기본,0
벚꽃 계절이 다가왔네요.,기본,0
배터리만 바꿔보세요.,기본,0
병원 가보세요.,기본,0
병원 가세요.,기본,0
병원에 가보세요.,기본,0
병원에 가세요.,기본,1
병원에 가야죠.,기본,0
보고 싶은가 봐요.,기본,1
보고 싶으신가 봐요.,기본,1
보고 싶을 거예요.,기본,1
보이는 게 없죠.,기본,0
보일러가 난방으로 작동이 되는지 보세요.,기본,0
보일러가 온수로 작동하는지 보세요.,기본,0
보일러를 켜세요.,기본,0
보통 다 압니다.,기본,0
보통 사랑은 그렇죠.,기본,1
보험처리하세요.,기본,0
복원해보세요.,기본,0
볼 수가 없군요.,기본,1
볼 일이 있나 봐요.,기본,0
부담스러워하지 않는다면 기다려도 좋을 것 같아요.,기본,0
부러우면 지는 거예요.,기본,0
부모님께 도움을 청해보세요.,기본,0
부모님이 서운하겠네요.,기본,2
부모님이나 선생님께 도움을 청해보세요.,기본,0
부족한 부분이 뭔지 확인해보세요.,기본,0
부질없는 일도 있기 마련이에요.,기본,1
분명한 잘못이네요.,기본,0
불편함을 조금 감수해보세요.,기본,0
불현듯 떠오르는 추억이 되버렸죠.,기본,1
비밀이에요.,기본,0
비싸요.,기본,0
빌려 보세요.,기본,0
빌리면 돼요.,기본,0
빨간날일 뿐이죠.,기본,1
빨리 집에 돌아가서 끄고 나오세요.,기본,0
빼도 박도 못하는 증거를 만들어 놓으세요.,기본,0
뻐근한가봐요.,기본,0
뽑지 말고 염색을 해보세요.,기본,0
뿌린대로 거둘 거예요.,기본,0
사과할 건 사과해야죠.,기본,1
사람마다 달라요.,기본,0
사람 마을은 알기 힘들어요.,기본,1
사람 마음은 알기 어렵죠.,기본,1
사람 맘을 알 길이 없나 봐요.,기본,1
사람 속은 알기 힘들대요.,기본,1
사람들이 중간을 몰라요.,기본,0
사람은 외로운 동물이죠.,기본,0
사람이 가장 중요한데 말이죠.,기본,0
사랑도 사람도 변하니까요.,기본,1
사랑은 때로 미련을 남겨요.,기본,1
사랑은 주고 받기죠.,기본,1
사랑의 빈자리인가 봐요.,기본,1
사랑한 만큼 아픔이 오죠.,기본,1
사랑했나 봐요.,기본,1
사랑했던 만큼 생각나겠죠.,기본,1
사랑했던 사람이니까요.,기본,1
사생활이 지켜지지 않나 봐요.,기본,0
사소한 거라도 있을 거예요.,기본,0
사이즈를 잘 보고 사세요.,기본,0
사정을 잘 설명해보세요.,기본,0
사주를 한 번 봐봐요.,기본,0
사춘기로부터의 일시적 휴식에 불과하죠.,기본,0
사춘기인가봅니다.,기본,0
사회를 미리 알려주나 봐요.,기본,0
사회생활로 힘드신가봐요.,기본,0
살짝 감정을 흘려보세요.,기본,0
살짝 내려보는것도 괜찮을거 같아요.,기본,0
살짝 뒤돌아봐도 괜찮아요.,기본,0
살짝 물어보세요.,기본,0
삶의 낙이죠.,기본,0
삼재인가봐요.,기본,0
상담이나 컨설팅을 받아보는 것도 좋을 거예요.,기본,0
상대가 그렇게 느낀다면요.,기본,0
상대를 용서하면서 분출할 수 있는 탈출구를 찾아보세요.,기본,0
상대방을 이해해 주세요.,기본,0
상대방의 선택에 맡겨보세요.,기본,0
상대에게 바라는 기대는 자신을 슬프게 해요.,기본,0
상처가 될 수 있어요.,기본,0
상처받는다고 꼭 말하세요.,기본,0
상처받았나 봐요.,기본,0
상황이 그렇게 만든 거예요.,기본,0
새는 돈을 막아보세요.,기본,0
새로 바꾸세요.,기본,0
새로 적응해야겠네요.,기본,0
생각 없이 말하는 사람이 옆에 있나 봐요. 무시하세요.,기본,0
생각났을 때 바로 하세요.,기본,0
생각들을 정리하게 좋겠네요.,기본,0
생각보다 힘든 일도 많을 것 같아요.,기본,0
생각을 했나 봐요.,기본,1
생각이 너무 많아서 그런 것 같습니다.,기본,0
생각이 많아지나 봐요.,기본,1
생각이 많아지기 때문일 거예요.,기본,1
생각이 많은가 봅니다.,기본,1
생각이 안 난다면 거짓말일 거예요.,기본,1
생각지도 못한 일이 일어났나 봐요.,기본,0
생각처럼만 할 수 있으면 좋을텐데 힘들죠.,기본,1
생각처럼 잘 안되죠.,기본,1
생각하고 말하는 연습을 해보세요.,기본,0
생각하고 말하세요.,기본,0
생각하기는 쉬운데 실천하기는 어려운 것 같아요.,기본,0
생각한대로 잘 할 수 있을 거예요.,기본,0
생활용품이 은근 많이 들어가요.,기본,0
서로의 잘못입니다.,기본,1
서서히 지워 나가요.,기본,1
선생님께 도움을 청해보세요.,기본,0
선생님이나 기관에 연락해보세요.,기본,0
선의의 거짓말이길 바라요.,기본,0
선택할 때 힘든 건 당연해요.,기본,0
설렘은 언제고 사라집니다.,기본,2
설렘이 그리운가봐요.,기본,2
섬유탈취제 뿌려보세요.,기본,0
성격이 그럴 수도 있으니 이해해주세요.,기본,0
성격이 안 맞나 봐요.,기본,0
성공에서 가장 어려운 것이 성공한 상태를 유지하는 거예요.,기본,0
성향 차이가 좀 있기는 하죠.,기본,0
세상 걱정 혼자 다 해서 그래요.,기본,0
세상에 별별 사람들이 다 있죠.,기본,0
세상에는 별의별 사람들이 있어요.,기본,0
세상에는 예상하지 못한 일들이 자주 일어나는 것 같아요.,기본,0
세상은 넓고 사람은 많아요.,기본,0
세상은 누구에게나 불공평해요.,기본,0
세수하고 오세요.,기본,0
소가 되는 방법이죠.,기본,0
소독하고 약 바르세요.,기본,0
소문은 소문일 뿐이에요.,기본,0
소분해서 냉동실에 보관해보세요.,기본,0
소비 조절을 못하면 없애는 것도 방법이 될 거예요.,기본,0
소액결제를 줄여보세요.,기본,0
소화가 안 되나 봐요.,기본,0
소화제 드세요.,기본,0
소화제 챙겨드세요.,기본,0
속 쓰리겠어요.,기본,0
손맛이 안 들어가서 그럴 수도 있어요.,기본,0
송장 번호를 확인해보세요.,기본,0
쇼핑을 줄여보세요.,기본,0
수십 번 생각이 나도 잊어야해요.,기본,1
순간 실수할 수 있겠다 판단되면 용서하고 기회를 주세요.,기본,0
술이 웬수예요.,기본,0
쉽게 말해서 수없이 많은 블록들이 체인으로 엮여있는거예요.,기본,0
쉽게 준비하는 방법이 있는지 검색해서 준비해 보세요.,기본,0
쉽지 않은 결정이었나 봐요.,기본,1
스스로 단단해지세요.,기본,0
스스로 좋다고 못 느끼는 게 제일 어려운 것 같아요.,기본,0
스스로에게 정리할 시간을 주세요.,기본,1
스스로의 우선순위를 정해보세요.,기본,0
스트레스 받는 일이 많았나 봅니다.,기본,0
스트레스 받으시는 일 있으신거죠.,기본,0
스트레스가 더 큰 적이에요.,기본,0
스트레스를 받으시나 봐요.,기본,0
슬픈 미련을 버리세요.,기본,1
슬픈 예감은 틀린 적이 없죠.,기본,1
습관을 들여보세요.,기본,0
습관처럼은 되지 않길 바랄게요.,기본,1
시간 가는 줄 모르겠어요.,기본,0
시간 있냐고 물어보세요.,기본,0
시간 활용에 따라 다르겠죠.,기본,0
시간은 상대적으로 흘러갑니다.,기본,0
시간은 상대적이죠.,기본,0
시간을 정하고 해보세요.,기본,0
시간을 정해보세요.,기본,0
시간이 걸리려나 봐요.,기본,1
시간이 대신 노력해줄 거예요.,기본,1
시간이 더디게 흐르죠.,기본,1
시간이 약이 될 거예요.,기본,1
시간이 지워줄 거예요.,기본,1
시간이 참 빨리 흘러가네요.,기본,0
시간이 해결해줄 거예요.,기본,1
시간이 흐르고 편안해질 거예요.,기본,1
시간이 흐르면 무덤덤해질 거예요.,기본,1
시간적 여유가 생겨서 그런가봐요.,기본,1
시기가 다를 뿐이에요.,기본,0
쉬고 약 드세요,기본,0
시작할 때는 끝을 알지 못하죠.,기본,1
신경 쓸 일이 있나 봐요.,기본,0
신경쓰는 사람들 무시하세요.,기본,0
신경쓰는 일이 많았나 봅니다.,기본,0
신경쓰면 스트레스 받아요.,기본,0
신경쓰이나 봐요.,기본,0
신경을 다른 곳에 써보세요.,기본,1
신중하게 고르세요.,기본,0
신중하게 잘 해보세요.,기본,0
실감이 안나나 봐요.,기본,1
실수했나요.,기본,0
심호흡 해보세요.,기본,1
심호흡을 해보세요.,기본,0
싱숭생숭하겠어요.,기본,1
싱숭생숭한 하루였나요.,기본,1
싸우면서 크는 거죠.,기본,0
쓰면서 정리가 되기도 하죠.,기본,1
쓰지 않는 어플을 삭제해보세요.,기본,0
쓰지 않으면 모여요.,기본,0
쓸데 없는 걱정일 수도 있어요.,기본,0
아니길 바라요.,기본,0
아니었나요.,기본,1
아무 것도 아니라고 생각하면서 크게 심호흡 해보세요.,기본,0
아무 것도 안해도 괜찮아요.,기본,0
아무 생각 하지 말고 쉬세요.,기본,0
아무 생각 하지 말고 푹 주무세요.,기본,1
아무것도 바라지 않을 때 천하를 얻는다는 말이 있어요.,기본,0
아무래도 그렇겠죠.,기본,0
아무래도 덜 경쟁하겠죠.,기본,0
아무래도 사생활이 적으니까요.,기본,0
아무래도 좀 깨요.,기본,0
아무래도 책임이 뒤따르니까요.,기본,0
아빠에게 술을 적당히 드시라고 말씀드려보세요.,기본,0
아웃풋이 확실한지 생각해보세요.,기본,0
아이구,기본,1
아직 마음의 준비가 안 됐다고 말해보세요.,기본,2
아직 받아들여지지 않아서 그런가봐요.,기본,1
아직 시간이 필요한가봐요.,기본,1
아직 어린가봐요.,기본,0
아직 월급날이 멀었어요.,기본,0
아직이라면 더 살펴보세요.,기본,0
아침마다 하는 고민이죠.,기본,0
아파트가 살기가 좋아요.,기본,0
아프겠어요.,기본,0
아프지 말아요.,기본,1
아프지 않았으면 좋겠어요.,기본,1
아픈 만큼 행복해지세요.,기본,1
아픈 만큼 행복해지시길 바랄게요.,기본,1
아플땐 더 약해지나 봐요.,기본,1
아픔의 크기만큼 마음의 상처도 커서 그래요.,기본,1
아픔의 흔적.,기본,1
안 될 것도 없죠.,기본,0
안 본 웹툰이 있는지 먼저 물어보고싶네요.,기본,0
안 사면 그만큼 모으시는거예요.,기본,0
안 줘도 괜찮아요.,기본,0
안됐네요.,기본,0
안전 귀가 하세요.,기본,0
안전 운전 하세요.,기본,0
안정적인 걸 좋아하나 봐요.,기본,0
안타깝지만 잊어버리세요.,기본,0
알고 있을 거예요.,기본,0
앞머리로 가리세요.,기본,0
애매하긴 해요.,기본,1
애매하네요.,기본,1
약 먹고 쉬어야 해요.,기본,0
약 바르고 얼른 나으세요.,기본,0
약을 드셔보세요.,기본,0
약을 먹거나 병원에 가보세요.,기본,0
약을 발라 드릴게요.,기본,1
약이 없는 상처인가봐요.,기본,1
약이 필요하면 도움을 받아보세요.,기본,0
양을 세어 보세요.,기본,1
양을 세어 보아요.,기본,0
양치하고 오세요.,기본,0
양해를 구해보세요.,기본,0
어느덧 사라질 거예요.,기본,1
어느덧 주말이네요.,기본,1
어떤 사랑이야기도 그에 대한 제목은 지을 수 없는 것 같아요.,기본,1
어떤 일이냐에 따라 다를 거 같아요.,기본,0
어렵네요.,기본,1
어렵죠.,기본,1
어서 충전 하세요.,기본,0
어서 치과에 가보세요.,기본,0
어쨌든 일이니까요.,기본,0
어쩔 수 없는 일도 있을 거예요.,기본,1
어쩔 수 없죠.,기본,0
언제부터인지 모르게.,기본,1
언젠가 다 밝혀지기 마련이죠.,기본,0
언젠가 다 잊을 거예요.,기본,1
언젠간 괜찮아질 거라 믿어요.,기본,1
언젠간 올 순간이었을 거예요.,기본,1
언젠간 올 시기였을거예요.,기본,1
언젠간 할 거예요.,기본,1
얼떨떨할 거예요.,기본,1
얼른 청소하세요.,기본,0
얼른 충전하세요.,기본,0
엄마가 들으면 속상해 하시겠네요.,기본,0
엄마께 프라이버시를 지켜달라고 말해보세요.,기본,0
업무 능력이 없는 게 아니라 센스가 부족한 걸 수도 있어요.,기본,0
없는 것보다 나을 거예요.,기본,0
없다가 있어서 그런가봐요.,기본,0
에너지가 필요한 순간이네요.,기본,0
에휴.,기본,1
여우인가봐요.,기본,0
연락두절돼서 걱정되겠네요.,기본,0
연락은 기본 중의 기본이에요.,기본,0
연락을 기다리고 있나 봐요.,기본,1
연락이라도 드려보세요.,기본,0
연락해보세요.,기본,2
연락해봐요.,기본,2
연습이 필요해요.,기본,0
연습해보세요.,기본,0
연애에도 변화가 필요하죠.,기본,1
연애의 모습이 다양한 거예요.,기본,2
연예인 걱정이 제일 쓸데없어요.,기본,0
열까지밖에 없네요.,기본,0
염색을 자주 하면 모발이 상해요.,기본,0
영화관이나 쇼핑몰이 생각나네요.,기본,0
옆에 있어서 피곤하겠어요.,기본,0
예민한가봐요.,기본,0
예의는 지켜주세요.,기본,0
오늘 강추위래요.,기본,0
오늘 미세먼지가 많데요.,기본,0
오늘 택배기사님들 쉬는 날이에요.,기본,0
오늘 회사 가기 싫은가봐요.,기본,0
오래 쓰셨나 봐요.,기본,0
오래 아파할수록 손해예요.,기본,1
옥상 추워요 내려오세요.,기본,1
올려달라고 말해보세요.,기본,0
왜 늦는 건지 대화해보세요.,기본,0
외로우니까 사람이다.,기본,0
외로움이 더 커지기 전에 괜찮아졌으면 좋겠어요.,기본,1
요즘 뜨는 거 같아요.,기본,0
요즘 많이 힘드신가봐요.,기본,0
요즘 바쁜가봐요.,기본,0
요즘 예민한가봐요.,기본,0
요즘 피곤하신가봐요.,기본,0
요즘 하우스웨딩이 추세더라구요.,기본,0
욕심에 따라 천지 차이일 거예요.,기본,0
욕심의 한계에 따라 달라질 거예요.,기본,0
용서를 구하세요.,기본,0
우리 마음도 젖어가요.,기본,1
우리는 참 많이 모르고 살죠.,기본,1
우리는 태어날 때부터 늙어가고 있어요.,기본,0
우산 들고 나가세요.,기본,0
우산 준비하세요.,기본,0
우산 챙기세요.,기본,0
우선 관련 서적을 읽어보세요.,기본,0
우울한 이유에 대해 생각해보세요.,기본,0
운동할 때 조심하세요.,기본,0
울어도 괜찮아요.,기본,1
울어도 돼요.,기본,0
원래 못하면 하고 싶어지죠.,기본,0
원래 이별은 힘든 거예요.,기본,1
원하는 게 점점 많아지는 세상이에요.,기본,0
원하는 꼰대가 있죠.,기본,0
위를 좀 쉬게 해주세요.,기본,0
유유상종이네요.,기본,0
으흠.,기본,1
은근 티를 내보세요.,기본,0
음,기본,0
음~ 곰곰히 생각해보세요.,기본,0
음식을 시켜보세요.,기본,0
의욕이 없나 봐요.,기본,0
이거 정말 큰일이네요.,기본,0
이런 말을 하면서 당신이 아프지 않았으면 좋겠어요.,기본,1
이런.,기본,1
이럴 때 잘 쉬는 게 중요해요.,기본,0
이렇게 고민하게 만들려고 그랬나 봐요.,기본,0
이렇게 힘들 줄 몰랐지요.,기본,1
이미 남이에요.,기본,0
이번 달 난방비가 많이 나오겠네요.,기본,0
이번에는 어쩔 수 없어요.,기본,0
이별 직후엔 그럴 수 있어요.,기본,1
이별에도 준비가 필요하지요.,기본,1
이별은 상처를 남기고 가니까요.,기본,1
이불 밖은 위험하죠.,기본,0
이쁜 마스크 사드리고 싶네요.,기본,0
이야기를 하지 않고 결정했나 봐요.,기본,0
이야기를 해보세요.,기본,0
이웃으로부터 고통받고 있나 봐요.,기본,0
이유가 있을 거예요.,기본,0
이유가 있지 않을까요.,기본,0
이제 그만 놓아주세요.,기본,1
이제 그만 잊으세요.,기본,1
이제 남이라는 걸 잊지 마세요.,기본,0
이제 내려올 때가 됐어요.,기본,0
이제 청소 시작.,기본,0
이제는 받아들여야 할 때예요.,기본,1
이제라도 더 조심하세요.,기본,0
이젠 마음의 결정을 내릴 때예요.,기본,1
이직을 생각해보세요.,기본,0
이참에 떠나보세요.,기본,1
이혼이 아니라 다행입니다.,기본,0
익숙함이 무서운 것 처럼요.,기본,1
익숙해지는데는 시간이 걸려요.,기본,1
익숙해질 거예요.,기본,1
인간 관계가 제일 힘든 거 같아요.,기본,0
인간 관계도 정리가 필요해요.,기본,0
인고의 시간이 있었을거라 생각해요.,기본,1
인고의 시간이 필요했을 거예요.,기본,1
인공눈물을 넣어보세요.,기본,0
인내의 시간이 필요할 거예요.,기본,0
인생은 예측하기 힘들어요.,기본,1
인생은 욕망이지 의미가 아니에요.,기본,0
인생은 항상 마음 먹은 대로 되지 않아요.,기본,0
인터넷 검색 해보세요.,기본,0
인형 뽑기 어려워요.,기본,0
일 못하는 사람이 있으면 옆에 있는 사람이 더 힘들죠.,기본,0
일 분배를 다시 요청해보세요.,기본,0
일기예보 확인해보세요.,기본,0
일방적 희생양이 되지 않길 바랍니다.,기본,0
일부러 부추기면 가끔 안 좋은 결과가 나오기도 해요.,기본,0
일상을 침해당하기 때문이죠.,기본,0
일을 몰라서 그런가봐요.,기본,0
일이라도 해보세요.,기본,0
일찍 주무세요.,기본,0
일하는 시간은 길죠.,기본,0
일해요.,기본,0
입을 닫고 듣는 연습을 해보세요.,기본,0
입을 헹궈보세요.,기본,0
잇몸약 챙겨드시거나 치과 가보세요.,기본,0
잊게 될 거예요.,기본,1
잊기 힘든 순간들이었죠.,기본,1
잊어버리세요.,기본,0
잊을 수 있을 거예요.,기본,1
자괴감에서 이제 빠져나오세요.,기본,1
자기도 모르는 게 마음이에요.,기본,1
자기도 알고 있을 거예요.,기본,0
자랑하는 자리니까요.,기본,0
자세가 불편한 건 아닌지 확인해보세요.,기본,0
자신만의 시간이 필요한가봐요.,기본,0
자신에게 돌아가는 시간이 힘들겠네요.,기본,1
자신에게 물어보세요.,기본,1
자신에게 시간을 더 주세요.,기본,1
자신에게 좀 더 여유로워지세요.,기본,1
자신에게 하는 말인가요.,기본,1
자신으로 향하지 않길 바랄게요.,기본,1
자신을 가장 잘 모르고 살아요.,기본,1
자신의 능력이 저평가되어있는 건 아닌지 확인해보세요.,기본,0
잘 때 다른 생각을 하고 주무세요.,기본,1
잘 맞춰가는 사람이 있는 거겠죠.,기본,2
잘 모르고 있을 수도 있어요.,기본,0
잘 버리는 것도 중요해요.,기본,0
잘 생각해보세요.,기본,0
잘 알고 들어도 좋을 것 같아요.,기본,0
잘 알아보고 사세요.,기본,0
잘 찾아보세요.,기본,0
잘못 주무셨나 봐요.,기본,0
잘못된 방법을 하고 있는 건 아닌지 살펴보세요.,기본,0
잘지내는지 안부를 물어봐요.,기본,0
잘해야 한다는 부담감을 버리세요.,기본,0
잠깐 눈을 감고 차분하게 받아들여요.,기본,1
잠깐 바람 쐬고 오세요.,기본,0
잠깐 시원한 바람좀 쐬고 오세요.,기본,0
잠깐 주무세요.,기본,0
잠깐 핸드폰 게임 하시면 올거예요.,기본,0
잠깐 핸드폰을 내려두세요.,기본,0
잠시 거리를 두고 생각해보세요.,기본,0
잠시 지쳤을 뿐이에요.,기본,1
잠시 차분하게 생각해봐요.,기본,1
"장갑 하나 사셔야겠어요,",기본,0
장갑을 끼세요.,기본,0
장거리 연애 힘들겠죠.,기본,0
장단점을 분석해보세요.,기본,0
장이 예민한가봐요.,기본,0
재미 있는 종목을 찾아보세요.,기본,0
쟁여둔 게 없는지 확인해보세요.,기본,0
저런.,기본,1
적당히 드세요.,기본,0
적당히 차면 분리 수거해서 버려 주세요.,기본,0
적당히 차면 잘 버려 주세요.,기본,0
적성에 맞는 사람이 있죠.,기본,0
전공에 관심이 많은가봐요.,기본,0
전형적인 꼰대 스타일이네요.,기본,0
전화 끊어버리세요.,기본,0
전화 해보세요.,기본,0
전화해보세요.,기본,0
점점 치열해지는 것 같아요.,기본,0
정글에서 먹어야 하나 봐요.,기본,0
정리가 필요하겠네요.,기본,0
정리해보세요.,기본,0
정말 볼 수 없겠네요.,기본,1
정말 추운 날이에요.,기본,1
정말 특이한 사람 많죠.,기본,0
정말 힘들 줄 몰랐겠죠.,기본,1
정색 한 번 해주세요.,기본,0
정신 노동을 했나 봐요.,기본,0
정신과에서 상담치료 받는거 꺼리지 말고 너무 힘들면 시작하세요.,기본,1
정신없이 바쁜가봐요.,기본,0
정신이 힘든 건지 몸이 아픈 건지 확인해 보세요.,기본,0
정확하게 말씀해 주세요.,기본,0
제가 아직 많이 부족합니다.,기본,0
제가 알면 제가 먼저 했을 거예요.,기본,0
제습기를 돌려보세요.,기본,0
조금 기다리면 풀릴 거예요,기본,0
조금 더 생각해 보세요.,기본,0
조금 더 일찍 잠을 자보세요.,기본,0
조금만 기다리면 다시 전기가 들어올거예요.,기본,0
조금만 드세요,기본,0
조금만 아팠으면 좋겠어요.,기본,1
조금만 짐을 덜어보세요.,기본,1
조금씩 갚아나가세요.,기본,0
조심하세요.,기본,0
조심해야해요.,기본,0
조심히 오세요.,기본,0
졸린가봐요.,기본,0
좀 그렇긴 하죠.,기본,0
좀 깨요.,기본,0
좀 더 알아보고 하세요.,기본,0
좀 더 일찍 잠자리에 들어보세요.,기본,0
좀 비싸요.,기본,0
좀 쉬세요.,기본,0
좀 참는 건 어떨까요.,기본,1
종교 문제가 힘들죠.,기본,1
종교의 자유가 있죠,기본,0
종아리 지압을 해보세요.,기본,0
좋아요.,기본,2
좋으면서 복잡하겠어요.,기본,2
주룩주룩.,기본,1
주변 사람들에게 부탁해보세요.,기본,2
주변에서 우산을 빌려보세요.,기본,0
주소 알려주세요.,기본,0
중간 중간에 눈을 쉬어주세요.,기본,0
중고서점에서 팔아보세요.,기본,0
중독에서 벗어나세요.,기본,0
중요한 것들을 백업해놓으세요.,기본,0
중요한 날에만 가리세요.,기본,0
증명자료를 가지고 손해배상을 청구하세요.,기본,0
지금 많이 위축된 상태인 것 같습니다.,기본,0
지금 확인해보세요.,기본,0
지금도 그러고 있어요.,기본,0
지난 계절 옷을 잘 정리해 보세요.,기본,0
지도 어플을 실행해보세요.,기본,0
지독한 변명의 연속.,기본,1
지름신이 강림했나 봅니다.,기본,0
지압이나 운동해보세요.,기본,0
직접 말해보세요.,기본,1
직접 물어보세요.,기본,1
직접 여쭤보세요.,기본,0
진정하세요.,기본,0
진짜 잊으세요.,기본,1
진통제 드세요.,기본,0
진통제 한 알 먹어보세요.,기본,1
짐 빼놓지 말고 싸세요.,기본,0
집에 있거나 나가면 마스크 쓰고 나가세요.,기본,0
째깍째깍.,기본,0
쪼잔하네요.,기본,0
차단 어플 사용해보세요.,기본,0
차분하게 정리할 시간이 필요해요.,기본,1
차분히 생각해보세요. 사랑은 소유가 아니에요.,기본,1
차분히 생각해봐요.,기본,1
차용증 썼길 바랍니다.,기본,0
찬물 샤워를 해보세요.,기본,0
참 귀찮은 일이죠.,기본,0
채널을 돌려보세요.,기본,0
책을 많이 읽어보세요.,기본,0
책임질 수 있을 때 키워 보세요.,기본,0
챙겨 드세요.,기본,0
챙겨주고 싶나 봐요.,기본,0
천천히 말해달라고 부탁해보세요.,기본,0
천천히 생각해보세요.,기본,1
청소기를 돌려보세요.,기본,0
청소는 습관이에요,기본,0
청소하세요.,기본,0
초기화 해보세요.,기본,0
추억도 시간도 지나가요.,기본,1
추억은 미화되기 마련이죠.,기본,1
충전기를 찾아보세요.,기본,0
충전하고 만나요.,기본,0
충전할 곳을 찾아보세요.,기본,0
치과에 가보세요.,기본,0
친구가 들으면 서운해 할 수도 있겠어요.,기본,0
친구가 따라오게 해보세요.,기본,0
친구가 예민해서 잘 못 챙겼나 봐요.,기본,0
친구로서와 이성으로서 보는 눈이 달랐나 봐요.,기본,0
친구한테 의지하지 말고 자신이 해보세요.,기본,0
카페라도 가서 쉬다 오면 어떨까요,기본,0
카페인이 필요한 시간인가 봐요.,기본,0
커플부터 만드세요.,기본,0
커피 한잔 마시며 기다려보세요.,기본,0
컨디션 조절 하세요.,기본,0
컨디션 조절은 정말 중요해요.,기본,0
코 감기일 수도 있어요.,기본,0
코가 간질간질한가봐요.,기본,0
콕 집어서 물어보세요.,기본,0
크게 숨한 번 쉬어 보세요,기본,0
킁킁,기본,0
타인의 기대로부터 자유로워지세요.,기본,0
타임머신이 생길 때까지 기다려봐요.,기본,0
탈모 관리 해보세요.,기본,0
태연하게 기다릴 수 없겠네요.,기본,1
태연하게 시작해보세요.,기본,1
판단은 당신 몫이에요.,기본,0
포맷해보세요.,기본,0
포커페이스를 유지해보세요.,기본,0
피곤한가봐요.,기본,0
피곤한건 아닌지 살펴보세요.,기본,0
피곤했나 봐요.,기본,0
피로를 풀어야 할 것 같아요.,기본,0
피부 생각하셔야죠!,기본,0
피할 수 있으면 피하세요.,기본,0
피해를 안 준다면 무시하세요.,기본,0
필요없는 어플은 삭제해보세요.,기본,0
필요한 게 어떤건지 물어보세요.,기본,0
하고 안하고는 집주인 마음이죠.,기본,0
하나 바꾸는 게 힘들지요.,기본,1
하는 사람은 하더라고요,기본,0
하루가 또 가네요.,기본,0
하아,기본,1
한 번 말해보세요.,기본,1
한 숨 주무세요.,기본,0
한 시간 먼저 일어나보세요.,기본,0
한없이 사랑한 사람이었나 봐요.,기본,1
한창 잠이 많을 때죠.,기본,0
한창 클 때죠.,기본,0
할 일이 많은데 안하는 것이요.,기본,0
할인점에서 사먹으세요.,기본,0
항상 못해본 건 궁금하더라고요.,기본,0
항상 조심하세요.,기본,0
항상 지나고 나서 깨닫게 되는 것 같아요.,기본,1
항상 청결하게 관리하세요.,기본,0
핸드폰은 핸드폰 가게에서 바꾸세요.,기본,0
허례허식이에요.,기본,0
헛헛하죠.,기본,1
헤어 디자이너에게 여쭤보세요.,기본,0
현관문 살펴보세요.,기본,0
현금영수증은 꼭 발급받으세요.,기본,0
현실의 벽에 부딪혔나 봐요.,기본,0
형편대로 하세요.,기본,0
혹시 전화를 한 건 아니길 바랍니다.,기본,1
혼자 사는 것보다 불편하겠죠.,기본,1
혼자 준비하기는 조금 벅찰텐데요.,기본,0
혼자는 외로운 계절이죠.,기본,2
화장실 가세요.,기본,0
화장실 갈 때 연락하라고 해봐요.,기본,0
화장하는 시간이 줄어들 거예요.,기본,0
확신이 없나 봐요.,기본,0
확실해지면 이야기해도 늦지 않아요.,기본,0
확인해달라고 해보세요.,기본,0
환승은 거절0분 안에,기본,0
황당하네요.,기본,1
회사에서 꼼수를 쓰는 건 아닌지 확인해보세요.,기본,0
회원정보 찾기를 해보세요.,기본,0
후회 없는 사랑을 하셨군요.,기본,1
후회하고 있나요.,기본,1
"후회, 상상, 자책 모두 멈출 때가 됐어요.",기본,1
후회하는 것 보단 낫겠네요.,기본,1
후회하진 않을까 모르겠어요.,기본,1
후회해도 늦었어요.,기본,0
휴가를 붙여보세요.,기본,0
흔들리나요.,기본,1
힘 빠지는 이야기네요.,기본,0
힘껏 밀어보세요.,기본,0
